Nazwa,Sesja – kampania,Wyświetlone produkty,Produkty dodane do koszyka,Kupione produkty,Przychody z produktu
PowerBrand Zakrętarka udarowa,(referral),244.0,5.0,2.0,1254.600003
PowerBrand Zakrętarka udarowa 2,(referral),189.0,11.0,1.0,754.199998
PowerBrand Akumulatorowa dmuchawa,(referral),155.0,169.0,67.0,37226.279982
PowerBrand Dmuchawa akumulatorowa,(referral),140.0,0.0,0.0,0.0
PowerBrand Buty robocze,PowerBrand-Shopping,131.0,0.0,0.0,0.0
PowerBrand Wiertarko wkrętarka,(referral),123.0,4.0,0.0,0.0
PowerBrand Kompaktowy klucz,(direct),104.0,1.0,0.0,0.0
PowerBrand Rękawice odporne,PowerBrand-Shopping,103.0,0.0,0.0,0.0
PowerBrand Buty robocze 2,PowerBrand-Shopping,100.0,8.0,5.0,1831.269999
PowerBrand Akumulatorowa smarownica,PowerBrand – ElectroStore – Search Website,99.0,11.0,2.0,2057.019998
PowerBrand Otwornica bimetalowa,PowerBrand-Shopping,99.0,0.0,0.0,0.0
PowerBrand Buty robocze 3,PowerBrand-Shopping,96.0,10.0,5.0,1857.249998
PowerBrand Akumulatorowa zakrętarka,(referral),93.0,0.0,0.0,0.0
PowerBrand Buty robocze 4,PowerBrand-Shopping,92.0,2.0,1.0,345.47
PowerBrand Poziomica teleskopowa,PowerBrand-Shopping,92.0,0.0,0.0,0.0
PowerBrand Buty robocze 5,PowerBrand-Shopping,86.0,8.0,4.0,1485.799996
PowerBrand Akumulatorowa przecinarka,PowerBrand-Shopping,84.0,0.0,0.0,0.0
PowerBrand Okulary ochronne,PowerBrand-Shopping,76.0,2.0,2.0,178.069999
PowerBrand Rękawice odporne 2,PowerBrand-Shopping,76.0,1.0,1.0,145.069999
PowerBrand Buty robocze 6,PowerBrand-Shopping,74.0,6.0,5.0,1857.250003
PowerBrand Szczypce nastawne,PowerBrand-Shopping,71.0,1.0,0.0,0.0
PowerBrand Bezszczotkowa szlifierka,PowerBrand – ElectroStore – Search Website,69.0,9.0,1.0,681.25
PowerBrand Okulary ochronne 2,PowerBrand-Shopping,68.0,8.0,14.0,479.77998
PowerBrand Zakrętarka udarowa 3,(referral),64.0,2.0,0.0,0.0
PowerBrand Akumulator,PowerBrand – ElectroStore – Search Website,62.0,74.0,5.0,1545.589993
PowerBrand Otwornica bimetalowa 2,PowerBrand-Shopping,61.0,1.0,1.0,177.079999
PowerBrand Okulary ochronne 3,PowerBrand-Shopping,60.0,14.0,7.0,206.640002
PowerBrand Poziomica slim,PowerBrand-Shopping,60.0,0.0,0.0,0.0
PowerBrand Smarownica akumulatorowa,PowerBrand – ElectroStore – Search Website,60.0,0.0,0.0,0.0
PowerBrand Akumulator,(not set),59.0,6.0,0.0,0.0
DiamondTools Glider przystawka,PMax | DiamondTools | Sprzedaż | Polska,59.0,16.0,3.0,1735.799998
PowerBrand Szczypce nastawne 2,PowerBrand-Shopping,58.0,0.0,0.0,0.0
PowerBrand Foph hta,(referral),56.0,7.0,6.0,4296.480001
PowerBrand Akumulator,(referral),55.0,927.0,1.0,297.04
PowerBrand Brzeszczot blaty,PowerBrand-Shopping,55.0,1.0,5.0,43.949999
PowerBrand Otwornica bimetalowa 3,PowerBrand-Shopping,54.0,0.0,0.0,0.0
PowerBrand Akumulatorowa dmuchawa,PowerBrand – ElectroStore – Search Website,51.0,7.0,1.0,562.269999
PowerBrand Rękawice odporne 3,PowerBrand-Shopping,50.0,0.0,0.0,0.0
PowerBrand Buty robocze 7,PowerBrand-Shopping,49.0,1.0,2.0,742.899998
PowerBrand Cst switch,(referral),49.0,9.0,5.0,4351.050002
PowerBrand Zakrętarka udarowa 3,PowerBrand – ElectroStore – Search Website,49.0,2.0,0.0,0.0
PowerBrand Rękawice odporne 4,PowerBrand-Shopping,49.0,0.0,0.0,0.0
PowerBrand Akumulatorowa pilarka,(referral),46.0,7.0,12.0,7658.040008
PowerBrand Akumulatorowy klucz,PowerBrand – ElectroStore – Search Website,46.0,7.0,0.0,0.0
PowerBrand Okulary ochronne 4,PowerBrand-Shopping,46.0,3.0,0.0,0.0
PowerBrand Klucz udarowy,PowerBrand – ElectroStore – Search Website,44.0,7.0,0.0,0.0
PowerBrand Otwornica bimetalowa 4,PowerBrand-Shopping,44.0,0.0,0.0,0.0
PowerBrand Akumulatorowy opryskiwacz,(referral),42.0,4.0,1.0,1097.049999
PowerBrand Kompaktowa bezszczotkowa,PowerBrand – ElectroStore – Search Website,40.0,4.0,0.0,0.0
PowerBrand Szlifierka kątowa,PowerBrand – ElectroStore – Search Website,40.0,8.0,1.0,870.570002
PowerBrand Bllt podkaszarka,PowerBrand – ElectroStore – Search Website,40.0,2.0,1.0,981.189999
PowerBrand Fhetsp nożyce,(referral),39.0,4.0,0.0,0.0
PowerBrand Klucz udarowy 2,PowerBrand – ElectroStore – Search Website,39.0,2.0,0.0,0.0
PowerBrand Otwornica kobaltowa,PowerBrand-Shopping,39.0,0.0,0.0,0.0
PowerBrand Poziomica magnetyczna,PowerBrand-Shopping,39.0,0.0,0.0,0.0
PowerBrand Otwornica kobaltowa 2,PowerBrand-Shopping,37.0,3.0,0.0,0.0
PowerBrand Otwornica bimetalowa 5,PowerBrand-Shopping,37.0,0.0,0.0,0.0
PowerBrand Fsz akumulatorowa,PowerBrand – ElectroStore – Search Website,36.0,4.0,0.0,0.0
PowerBrand Otwornica bimetalowa 6,PowerBrand-Shopping,36.0,1.0,1.0,156.160002
PowerBrand Zakrętarka udarowa 4,(referral),35.0,3.0,1.0,669.119998
PowerBrand Zestawy bitów,PowerBrand-Shopping,35.0,0.0,0.0,0.0
PowerBrand Zestaw dla,(not set),34.0,4.0,1.0,995.2
PowerBrand Lac przemysłowy,(referral),34.0,1.0,0.0,0.0
PowerBrand Fhx młotowiertarka,PowerBrand – ElectroStore – Search Website,34.0,1.0,1.0,1517.180001
PowerBrand Klucz udarowy 3,PowerBrand – ElectroStore – Search Website,34.0,4.0,1.0,1234.050001
PowerBrand Dłuto usuwania,PowerBrand-Shopping,33.0,0.0,0.0,0.0
PowerBrand Zakrętarka udarowa 5,PowerBrand – ElectroStore – Search Website,33.0,0.0,0.0,0.0
PowerBrand Wiertarko wkrętarka 2,(referral),33.0,4.0,2.0,1958.799998
PowerBrand Klucz udarowy 4,PowerBrand – ElectroStore – Search Website,32.0,0.0,0.0,0.0
PowerBrand Poziomica magnetyczna 2,PowerBrand-Shopping,32.0,1.0,0.0,0.0
PowerBrand Rękawice całkowicie,PowerBrand-Shopping,32.0,10.0,18.0,281.340027
PowerBrand Forge akumulator,PowerBrand – ElectroStore – Search Website,31.0,23.0,2.0,1466.480002
PowerBrand Okulary ochronne 5,PowerBrand-Shopping,31.0,2.0,0.0,0.0
PowerBrand Poziomica elektroniczna,PowerBrand-Shopping,31.0,0.0,0.0,0.0
PowerBrand Rękawice skórzane,PowerBrand-Shopping,31.0,0.0,1.0,123.600002
PowerBrand Wiertarko wkrętarka 2,PowerBrand – ElectroStore – Search Website,31.0,3.0,1.0,979.400001
PowerBrand Akumulator,(organic),30.0,12.0,1.0,300.800002
PowerBrand Buty robocze 8,PowerBrand-Shopping,30.0,4.0,2.0,742.899999
DiamondTools Tarcza diamentowa,PMax | DiamondTools | Sprzedaż | Polska,30.0,8.0,4.0,902.800003
PowerBrand Akumulatorowe nożyce,(referral),29.0,2.0,1.0,468.799999
PowerBrand Zakrętarka udarowa,PowerBrand – ElectroStore – Search Website,29.0,2.0,0.0,0.0
PowerBrand Okulary ochronne 6,PowerBrand-Shopping,29.0,2.0,0.0,0.0
PowerBrand Otwornica bimetalowa 7,PowerBrand-Shopping,29.0,0.0,0.0,0.0
PowerBrand Wiertło płytek,PowerBrand-Shopping,29.0,0.0,0.0,0.0
PowerBrand Szlifierka kątowa 2,(direct),29.0,1.0,0.0,0.0
PowerBrand Kompaktowa młotowiertarka,(referral),28.0,0.0,0.0,0.0
PowerBrand Okulary ochronne 7,PowerBrand-Shopping,28.0,1.0,1.0,62.559999
PowerBrand Wiertło płytek 2,PowerBrand-Shopping,28.0,0.0,0.0,0.0
PowerBrand Wkrętak torx,PowerBrand-Shopping,28.0,1.0,0.0,0.0
PowerBrand Otwornica bimetalowa 8,PowerBrand-Shopping,27.0,0.0,0.0,0.0
PowerBrand Akumulatorowa smarownica 2,(referral),26.0,2.0,5.0,4417.53
PowerBrand Okulary ochronne 8,PowerBrand-Shopping,26.0,0.0,0.0,0.0
PowerBrand Otwornica bimetalowa 9,PowerBrand-Shopping,26.0,0.0,0.0,0.0
PowerBrand Rękawice ochronne,PowerBrand-Shopping,26.0,0.0,0.0,0.0
PowerBrand Tarcza pilarska,PowerBrand-Shopping,26.0,1.0,0.0,0.0
PowerBrand Akumulatorowy opryskiwacz,PowerBrand – ElectroStore – Search Website,25.0,0.0,0.0,0.0
PowerBrand Otwornica bimetalowa 10,PowerBrand-Shopping,25.0,1.0,0.0,0.0
PowerBrand Poziomica magnetyczna 3,PowerBrand-Shopping,25.0,0.0,0.0,0.0
PowerBrand Automatyczny ściągacz,PowerBrand-Shopping,24.0,0.0,0.0,0.0
PowerBrand Brzeszczot wyrzynarki,PowerBrand-Shopping,24.0,0.0,4.0,24.680007
PowerBrand Ładowarka szybka,PowerBrand – ElectroStore – Search Website,24.0,26.0,3.0,770.330001
PowerBrand Fbcu wykaszarka,PowerBrand – ElectroStore – Search Website,24.0,0.0,0.0,0.0
PowerBrand Akumulatorowe urządzenie,PowerBrand – ElectroStore – Search Website,24.0,2.0,1.0,1689.75
PowerBrand Grzechotka udarowa,PowerBrand – ElectroStore – Search Website,24.0,4.0,1.0,933.210001
PowerBrand Młotowiertarka akumulatorowa,(referral),24.0,0.0,0.0,0.0
PowerBrand Rękawice robocze,PowerBrand-Shopping,24.0,0.0,0.0,0.0
PowerBrand Szlifierka kątowa 2,PowerBrand – ElectroStore – Search Website,24.0,4.0,0.0,0.0
PowerBrand Agregat prądotwórczy,(referral),23.0,0.0,0.0,0.0
PowerBrand Zakrętarka udarowa 4,PowerBrand – ElectroStore – Search Website,23.0,4.0,1.0,669.120001
PowerBrand Foph lta,(referral),23.0,6.0,3.0,1492.95
PowerBrand Kosiarka akumulatorowa,PowerBrand – ElectroStore – Search Website,23.0,0.0,0.0,0.0
PowerBrand Szlifierka kątowa 3,PowerBrand – ElectroStore – Search Website,22.0,6.0,0.0,0.0
PowerBrand Wiertarko wkrętarka,PowerBrand – ElectroStore – Search Website,22.0,3.0,0.0,0.0
PowerBrand Bbl kompaktowa,PowerBrand – ElectroStore – Search Website,22.0,1.0,0.0,0.0
PowerBrand Akumulatorowa dmuchawa 2,PowerBrand – ElectroStore – Search Website,22.0,0.0,0.0,0.0
PowerBrand Forge akumulator,(referral),22.0,7.0,0.0,0.0
PowerBrand Zakrętarka udarowa 4,(not set),22.0,1.0,1.0,669.119999
PowerBrand Klucz udarowy 5,PowerBrand – ElectroStore – Search Website,22.0,2.0,0.0,0.0
PowerBrand Wiertarko wkrętarka 3,PowerBrand – ElectroStore – Search Website,22.0,5.0,0.0,0.0
PowerBrand Rękawice skórzane 2,PowerBrand-Shopping,22.0,0.0,0.0,0.0
PowerBrand Toolguard wózek,(referral),22.0,0.0,0.0,0.0
PowerBrand Taśma miernicza,PowerBrand-Shopping,22.0,0.0,0.0,0.0
PowerBrand Wiertło uniwersalne,PowerBrand-Shopping,22.0,0.0,0.0,0.0
PowerBrand Bity udarowe,PowerBrand-Shopping,21.0,13.0,0.0,0.0
PowerBrand Bezszczotkowa szlifierka 2,PowerBrand – ElectroStore – Search Website,21.0,0.0,0.0,0.0
PowerBrand Fsz akumulatorowa 2,PowerBrand – ElectroStore – Search Website,21.0,0.0,0.0,0.0
PowerBrand Rękawice skórzane 3,PowerBrand-Shopping,21.0,0.0,0.0,0.0
PowerBrand Akumulator,(direct),20.0,3.0,2.0,714.859999
PowerBrand Bezszczotkowa wiertarko,PowerBrand – ElectroStore – Search Website,20.0,2.0,0.0,0.0
PowerBrand Bity udarowe 2,PowerBrand-Shopping,20.0,0.0,10.0,24.10001
PowerBrand Brzeszczot wyrzynarki 2,PowerBrand-Shopping,20.0,0.0,0.0,0.0
PowerBrand Zestaw dla,PowerBrand-Shopping,20.0,0.0,0.0,0.0
PowerBrand Akumulatorowa dmuchawa 3,PowerBrand – ElectroStore – Search Website,20.0,0.0,0.0,0.0
PowerBrand Klucz udarowy 6,PowerBrand – ElectroStore – Search Website,20.0,5.0,0.0,0.0
PowerBrand Ogrodnicze urządzenie,PowerBrand – ElectroStore – Search Website,20.0,2.0,0.0,0.0
PowerBrand Akumulatorowa smarownica,(referral),20.0,1.0,0.0,0.0
PowerBrand Zakrętarka udarowa,(not set),20.0,0.0,0.0,0.0
PowerBrand Otwornica kobaltowa 3,PowerBrand-Shopping,20.0,1.0,0.0,0.0
PowerBrand Rękawice całkowicie 2,PowerBrand-Shopping,20.0,0.0,0.0,0.0
PowerBrand Wiertło płytek 3,PowerBrand-Shopping,20.0,1.0,1.0,20.689999
PowerBrand Brzeszczot wyrzynarki 3,PowerBrand-Shopping,19.0,1.0,0.0,0.0
PowerBrand Dmuchawa akumulatorowa,PowerBrand – ElectroStore – Search Website,19.0,1.0,0.0,0.0
PowerBrand Dłuto szpiczaste,PowerBrand-Shopping,19.0,0.0,0.0,0.0
PowerBrand Nóż łamanym,PowerBrand-Shopping,19.0,1.0,1.0,29.949999
PowerBrand Otwornica bimetalowa 11,PowerBrand-Shopping,19.0,0.0,0.0,0.0
PowerBrand Proxxon szlifierka,(referral),19.0,1.0,1.0,703.500001
PowerBrand Zestaw otwornic,PowerBrand-Shopping,19.0,0.0,0.0,0.0
PowerBrand Zestaw bitów,PowerBrand-Shopping,18.0,0.0,0.0,0.0
PowerBrand Bst akumulatorowy,PowerBrand – ElectroStore – Search Website,18.0,0.0,0.0,0.0
PowerBrand Akumulatorowa smarownica,(organic),18.0,2.0,1.0,1028.51
PowerBrand Radio głośnik,PowerBrand – ElectroStore – Search Website,18.0,4.0,0.0,0.0
PowerBrand Otwornica węglikiem,PowerBrand-Shopping,18.0,0.0,0.0,0.0
PowerBrand Rękawice całkowicie 3,PowerBrand-Shopping,18.0,5.0,10.0,156.499982
PowerBrand Łapka precyzyjna,PowerBrand-Shopping,18.0,1.0,0.0,0.0
PowerBrand Akumulator forge,PowerBrand – ElectroStore – Search Website,17.0,2.0,2.0,2528.699997
PowerBrand Bit udarowy,PowerBrand-Shopping,17.0,5.0,0.0,0.0
PowerBrand Bity udarowe 3,PowerBrand-Shopping,17.0,14.0,10.0,26.600017
PowerBrand Subkompaktowa wiertarko,PowerBrand – ElectroStore – Search Website,17.0,1.0,0.0,0.0
PowerBrand Miara zwijana,PowerBrand-Shopping,17.0,3.0,3.0,301.949998
PowerBrand Pilarka tarczowa,(direct),17.0,1.0,0.0,0.0
PowerBrand Klucz udarowy 3,(referral),17.0,0.0,0.0,0.0
PowerBrand Młotowiertarka fhx,PowerBrand – ElectroStore – Search Website,17.0,1.0,0.0,0.0
PowerBrand Poziomica elektroniczna 2,PowerBrand-Shopping,17.0,0.0,0.0,0.0
PowerBrand Rękawice odporne 5,PowerBrand-Shopping,17.0,11.0,0.0,0.0
PowerBrand Tarcza diamentowa,PowerBrand-Shopping,17.0,0.0,0.0,0.0
PowerBrand Wkrętak torx 2,PowerBrand-Shopping,17.0,1.0,0.0,0.0
PowerBrand Akumulator,PowerBrand-Shopping,16.0,0.0,0.0,0.0
PowerBrand Bity udarowe 4,PowerBrand-Shopping,16.0,2.0,0.0,0.0
PowerBrand Kątownik ciesielski,PowerBrand-Shopping,16.0,0.0,0.0,0.0
PowerBrand Młotowiertarka sds,PowerBrand – ElectroStore – Search Website,16.0,2.0,0.0,0.0
PowerBrand Bllt podkaszarka,(referral),16.0,1.0,1.0,981.19
PowerBrand Bsx piła,PowerBrand – ElectroStore – Search Website,16.0,3.0,0.0,0.0
PowerBrand Akumulatorowa dmuchawa,(not set),16.0,0.0,3.0,1669.010002
PowerBrand Akumulatorowa smarownica 2,PowerBrand – ElectroStore – Search Website,16.0,4.0,1.0,883.499999
PowerBrand Klucz udarowy 7,PowerBrand – ElectroStore – Search Website,16.0,0.0,0.0,0.0
PowerBrand Akumulatorowa przecinarka,(not set),16.0,0.0,0.0,0.0
PowerBrand Otwornica kobaltowa 4,PowerBrand-Shopping,16.0,0.0,0.0,0.0
PowerBrand Otwornica węglikiem 2,PowerBrand-Shopping,16.0,0.0,0.0,0.0
PowerBrand Otwornica węglikiem 3,PowerBrand-Shopping,16.0,0.0,0.0,0.0
PowerBrand Poziomica redstick,PowerBrand-Shopping,16.0,0.0,0.0,0.0
PowerBrand Poziomica torpedo,PowerBrand-Shopping,16.0,0.0,0.0,0.0
PowerBrand Rękawice chemoodporne,PowerBrand-Shopping,16.0,3.0,0.0,0.0
PowerBrand Zestaw otwornic 2,PowerBrand-Shopping,16.0,0.0,0.0,0.0
PowerBrand Buty robocze 9,PowerBrand-Shopping,15.0,1.0,1.0,406.079998
PowerBrand Kompaktowy klucz,(referral),15.0,1.0,1.0,859.28
PowerBrand Wyrzynarka rękojeścią,Shopping Free Listings,15.0,0.0,0.0,0.0
PowerBrand Kompaktowa bezszczotkowa 2,PowerBrand – ElectroStore – Search Website,15.0,2.0,0.0,0.0
PowerBrand Kompaktowa bezszczotkowa 3,PowerBrand – ElectroStore – Search Website,15.0,3.0,1.0,1443.19
PowerBrand Okulary ochronne 9,PowerBrand – ElectroStore – Search Website,15.0,3.0,1.0,42.000001
PowerBrand Lac przemysłowy,(not set),15.0,1.0,2.0,4648.0
PowerBrand Pilarka tarczowa,PowerBrand – ElectroStore – Search Website,15.0,2.0,0.0,0.0
PowerBrand Klucz udarowy 5,(organic),15.0,1.0,0.0,0.0
PowerBrand Foph exa,(referral),15.0,4.0,2.0,574.220001
PowerBrand Fsx akumulatorowa,PowerBrand – ElectroStore – Search Website,15.0,1.0,0.0,0.0
PowerBrand Otwornica bimetalowa 12,PowerBrand-Shopping,15.0,1.0,0.0,0.0
PowerBrand Rękawice odporne 6,PowerBrand-Shopping,15.0,1.0,0.0,0.0
PowerBrand Rękawice skórzane 4,PowerBrand-Shopping,15.0,0.0,0.0,0.0
PowerBrand Zagęszczarka weber,(organic),15.0,0.0,0.0,0.0
PowerBrand Buty robocze 10,PowerBrand-Shopping,14.0,0.0,0.0,0.0
DiamondTools Pro gres,PMax | DiamondTools | Sprzedaż | Polska,14.0,7.0,4.0,364.359997
PowerBrand Kompaktowa zakrętarka,PowerBrand – ElectroStore – Search Website,14.0,2.0,0.0,0.0
PowerBrand Akumulator ion,(organic),14.0,7.0,0.0,0.0
PowerBrand Szlifierka kątowa 4,PowerBrand – ElectroStore – Search Website,14.0,0.0,0.0,0.0
PowerBrand Fidrq hydrauliczna,PowerBrand – ElectroStore – Search Website,14.0,0.0,0.0,0.0
PowerBrand Klucz udarowy 8,PowerBrand – ElectroStore – Search Website,14.0,1.0,0.0,0.0
PowerBrand Pods separator,(organic),14.0,0.0,0.0,0.0
PowerBrand Nasadka udarowa,PowerBrand-Shopping,14.0,0.0,0.0,0.0
PowerBrand Tarcza pilarska 2,PowerBrand-Shopping,14.0,0.0,0.0,0.0
PowerBrand Wiertło uniwersalne 2,PowerBrand-Shopping,14.0,0.0,0.0,0.0
PowerBrand Wkrętak krzyżowy,PowerBrand-Shopping,14.0,0.0,0.0,0.0
PowerBrand Akumulatorowa pilarka,PowerBrand – ElectroStore – Search Website,13.0,6.0,3.0,1914.510002
PowerBrand Brzeszczot drewna,PowerBrand-Shopping,13.0,0.0,0.0,0.0
PowerBrand Brzeszczot wyrzynarki 4,PowerBrand-Shopping,13.0,0.0,0.0,0.0
PowerBrand Buty robocze 3,(direct),13.0,6.0,1.0,371.45
PowerBrand Buty robocze 3,(referral),13.0,1.0,0.0,0.0
PowerBrand Buty robocze 11,PowerBrand-Shopping,13.0,0.0,0.0,0.0
PowerBrand Dmuchawa akumulatorowa,(organic),13.0,0.0,0.0,0.0
PowerBrand Klucz udarowy 9,PowerBrand – ElectroStore – Search Website,13.0,4.0,2.0,2468.100002
PowerBrand Młot wiercąco,PowerBrand – ElectroStore – Search Website,13.0,1.0,0.0,0.0
PowerBrand Wiertarko wkrętarka 4,PowerBrand – ElectroStore – Search Website,13.0,0.0,0.0,0.0
PowerBrand Bezszczotkowa wiertarko 2,PowerBrand – ElectroStore – Search Website,13.0,0.0,0.0,0.0
PowerBrand Miara taśma,PowerBrand-Shopping,13.0,0.0,0.0,0.0
PowerBrand Zakrętarka udarowa 2,(organic),13.0,1.0,0.0,0.0
PowerBrand Akumulatorowa zakrętarka,PowerBrand – ElectroStore – Search Website,13.0,0.0,0.0,0.0
PowerBrand Bpfph plecakowy,PowerBrand – ElectroStore – Search Website,13.0,0.0,0.0,0.0
PowerBrand Nożyce żywopłotu,(referral),13.0,2.0,0.0,0.0
PowerBrand Klucz udarowy 10,PowerBrand – ElectroStore – Search Website,13.0,0.0,0.0,0.0
PowerBrand Onefhx młotowiertarka,PowerBrand – ElectroStore – Search Website,13.0,3.0,0.0,0.0
PowerBrand Okulary ochronne 10,PowerBrand-Shopping,13.0,0.0,0.0,0.0
PowerBrand Otwornica bimetalowa 13,PowerBrand-Shopping,13.0,0.0,0.0,0.0
PowerBrand Rękawice odporne 7,PowerBrand-Shopping,13.0,1.0,1.0,24.04
PowerBrand Toolguard wózek,PowerBrand – ElectroStore – Search Website,13.0,0.0,0.0,0.0
PowerBrand Wkrętak torx 3,PowerBrand-Shopping,13.0,1.0,0.0,0.0
PowerBrand Wykaszarka akumulatorowa,PowerBrand – ElectroStore – Search Website,13.0,0.0,0.0,0.0
PowerBrand Automatyczny ściągacz,(referral),12.0,1.0,1.0,69.010001
PowerBrand Bit udarowy 2,PowerBrand-Shopping,12.0,2.0,0.0,0.0
PowerBrand Brzeszczot wyrzynarki 5,PowerBrand-Shopping,12.0,0.0,3.0,64.260004
DiamondTools Mechanic slider,(referral),12.0,1.0,0.0,0.0
PowerBrand Hogert zestaw,(referral),12.0,2.0,2.0,753.54
PowerBrand Inkzall olejowy,PowerBrand-Shopping,12.0,0.0,1.0,19.460001
PowerBrand Akumulator ion,PowerBrand – ElectroStore – Search Website,12.0,7.0,2.0,670.379998
PowerBrand Subkompaktowy kompresor,PowerBrand – ElectroStore – Search Website,12.0,1.0,0.0,0.0
PowerBrand Subkompaktowa lutownica,PowerBrand – ElectroStore – Search Website,12.0,0.0,0.0,0.0
PowerBrand Wiertarko wkrętarka 4,(referral),12.0,0.0,0.0,0.0
PowerBrand Kompaktowa wiertarko,PowerBrand – ElectroStore – Search Website,12.0,0.0,0.0,0.0
PowerBrand Miara składana,PowerBrand-Shopping,12.0,0.0,0.0,0.0
PowerBrand Czołówka spot,PowerBrand – ElectroStore – Search Website,12.0,1.0,1.0,319.790001
PowerBrand Akumulatorowe nożyce,(organic),12.0,2.0,1.0,468.800001
PowerBrand Ogrodnicze urządzenie,(referral),12.0,3.0,3.0,3724.050002
PowerBrand Prcdab radio,(organic),12.0,1.0,0.0,0.0
PowerBrand Okulary ochronne 2,(cross-network),12.0,0.0,0.0,0.0
PowerBrand Rękawice odporne 8,PowerBrand-Shopping,12.0,2.0,0.0,0.0
PowerBrand Zestaw bitów 2,PowerBrand-Shopping,12.0,2.0,1.0,137.390001
PowerBrand Akumulatorowa pilarka,(organic),11.0,1.0,0.0,0.0
PowerBrand Bit udarowy 3,PowerBrand-Shopping,11.0,3.0,0.0,0.0
PowerBrand Bity udarowe 5,PowerBrand-Shopping,11.0,0.0,0.0,0.0
PowerBrand Bity udarowe 6,PowerBrand-Shopping,11.0,3.0,0.0,0.0
PowerBrand Buty robocze,(organic),11.0,0.0,0.0,0.0
PowerBrand Buty robocze 2,(referral),11.0,2.0,1.0,345.470002
DiamondTools Coolpad,,,,,
DiamondTools Rapid diamentowa,PMax | DiamondTools | Sprzedaż | Polska,11.0,0.0,0.0,0.0
PowerBrand Hogert zestaw,adbox_comparison,11.0,0.0,0.0,0.0
PowerBrand Wiertarko wkrętarka,(not set),11.0,0.0,0.0,0.0
PowerBrand Szlifierka trzpieniowa,(referral),11.0,0.0,0.0,0.0
PowerBrand Zakrętarka udarowa 2,(not set),11.0,0.0,0.0,0.0
PowerBrand Akumulatorowa kosa,PowerBrand – ElectroStore – Search Website,11.0,1.0,0.0,0.0
PowerBrand Akumulatorowa kosiarka,PowerBrand – ElectroStore – Search Website,11.0,1.0,0.0,0.0
PowerBrand Forge akumulator,(direct),11.0,3.0,1.0,733.239999
PowerBrand Forge akumulator,(organic),11.0,2.0,1.0,733.24
PowerBrand Ffn gwoździarka,PowerBrand – ElectroStore – Search Website,11.0,0.0,0.0,0.0
PowerBrand Nożyce akumulatorowe,PowerBrand – ElectroStore – Search Website,11.0,0.0,0.0,0.0
PowerBrand Prcdab radio,PowerBrand – ElectroStore – Search Website,11.0,1.0,0.0,0.0
PowerBrand Otwornica bimetalowa 14,PowerBrand-Shopping,11.0,0.0,0.0,0.0
PowerBrand Poziomica redstick 2,PowerBrand-Shopping,11.0,0.0,0.0,0.0
PowerBrand Rękawice odporne 9,PowerBrand-Shopping,11.0,0.0,0.0,0.0
PowerBrand Sds max,PowerBrand-Shopping,11.0,0.0,0.0,0.0
PowerBrand Sekator teleskopowy,PowerBrand – ElectroStore – Search Website,11.0,0.0,0.0,0.0
PowerBrand Szlifierka kątowa 5,PowerBrand – ElectroStore – Search Website,11.0,1.0,1.0,377.69
DiamondTools Tarcza diamentowa,(referral),11.0,2.0,1.0,225.700001
PowerBrand Taśma miernicza 2,PowerBrand-Shopping,11.0,2.0,1.0,54.000001
PowerBrand Wiertło spiralne,PowerBrand-Shopping,11.0,0.0,0.0,0.0
PowerBrand Wiertło uniwersalne 3,PowerBrand-Shopping,11.0,0.0,0.0,0.0
PowerBrand Zestaw nasadek,PowerBrand – ElectroStore – Search Website,11.0,2.0,0.0,0.0
PowerBrand Akumulatorowa pilarka 2,PowerBrand – ElectroStore – Search Website,10.0,3.0,0.0,0.0
PowerBrand Bity udarowe 7,PowerBrand-Shopping,10.0,2.0,0.0,0.0
PowerBrand Buty robocze 12,PowerBrand-Shopping,10.0,0.0,0.0,0.0
PowerBrand Buty robocze 13,PowerBrand-Shopping,10.0,0.0,0.0,0.0
DiamondTools Galaxy tarcza,PMax | DiamondTools | Sprzedaż | Polska,10.0,3.0,1.0,272.879998
DiamondTools Hard ceramics,PMax | DiamondTools | Sprzedaż | Polska,10.0,5.0,3.0,550.889999
DiamondTools Mastercut tarcza,PMax | DiamondTools | Sprzedaż | Polska,10.0,0.0,0.0,0.0
PowerBrand Kompaktowa bezszczotkowa 4,PowerBrand – ElectroStore – Search Website,10.0,0.0,0.0,0.0
PowerBrand Młotowiertarka sds 2,PowerBrand – ElectroStore – Search Website,10.0,0.0,0.0,0.0
PowerBrand Szlifierka kątowa 6,PowerBrand – ElectroStore – Search Website,10.0,1.0,0.0,0.0
PowerBrand Hcct force,PowerBrand – ElectroStore – Search Website,10.0,0.0,0.0,0.0
PowerBrand Kompaktowa bezszczotkowa 5,PowerBrand – ElectroStore – Search Website,10.0,0.0,0.0,0.0
PowerBrand Marker końcówką,PowerBrand-Shopping,10.0,0.0,0.0,0.0
PowerBrand Miara taśma 2,PowerBrand-Shopping,10.0,0.0,0.0,0.0
PowerBrand Ładowarka szybka,(referral),10.0,4.0,1.0,262.249999
PowerBrand Akumulatorowy opryskiwacz,(organic),10.0,0.0,0.0,0.0
PowerBrand Cst switch,PowerBrand – ElectroStore – Search Website,10.0,0.0,0.0,0.0
PowerBrand Pilarka łańcuchowa,PowerBrand – ElectroStore – Search Website,10.0,0.0,0.0,0.0
PowerBrand Szlifierka kątowa 7,PowerBrand – ElectroStore – Search Website,10.0,0.0,0.0,0.0
PowerBrand Foph‑ea krawędziarka,PowerBrand – ElectroStore – Search Website,10.0,1.0,0.0,0.0
PowerBrand Onefhx młotowiertarka,(referral),10.0,2.0,0.0,0.0
PowerBrand Red cobalt,PowerBrand – ElectroStore – Search Website,10.0,2.0,1.0,421.27
PowerBrand Nóż składany,(referral),10.0,0.0,1.0,170.0
PowerBrand Otwornica bimetalowa 15,PowerBrand-Shopping,10.0,1.0,0.0,0.0
PowerBrand Otwornica bimetalowa 16,PowerBrand-Shopping,10.0,1.0,0.0,0.0
PowerBrand Rękawice całkowicie 4,PowerBrand-Shopping,10.0,0.0,0.0,0.0
PowerBrand Rękawice chemoodporne 2,PowerBrand-Shopping,10.0,2.0,1.0,55.990002
PowerBrand Rękawice odporne,(cross-network),10.0,0.0,0.0,0.0
PowerBrand Rękawice skórzane 5,PowerBrand-Shopping,10.0,0.0,0.0,0.0
PowerBrand Tarcza listkowe,PowerBrand-Shopping,10.0,0.0,0.0,0.0
PowerBrand Tarcza pilarska 3,PowerBrand-Shopping,10.0,0.0,0.0,0.0
PowerBrand Tarcza pilarska 4,PowerBrand-Shopping,10.0,0.0,0.0,0.0
PowerBrand Tarcza pilarska 5,PowerBrand-Shopping,10.0,0.0,0.0,0.0
PowerBrand Wkrętak krzyżowy 2,PowerBrand-Shopping,10.0,1.0,0.0,0.0
PowerBrand Zestaw kluczy,PowerBrand-Shopping,10.0,0.0,0.0,0.0
PowerBrand Zestaw otwornic 3,PowerBrand-Shopping,10.0,0.0,0.0,0.0
PowerBrand Bity udarowe 8,PowerBrand-Shopping,9.0,1.0,0.0,0.0
PowerBrand Bity udarowe 9,PowerBrand-Shopping,9.0,3.0,0.0,0.0
PowerBrand Buty robocze 14,PowerBrand-Shopping,9.0,0.0,0.0,0.0
DiamondTools Box torba,PMax | DiamondTools | Sprzedaż | Polska,9.0,0.0,0.0,0.0
DiamondTools Dds wiertło,(referral),9.0,7.0,5.0,1141.849996
DiamondTools Mechanic abrasive,PMax | DiamondTools | Sprzedaż | Polska,9.0,3.0,1.0,34.770001
PowerBrand Kompaktowy klucz,(organic),9.0,2.0,0.0,0.0
PowerBrand Subkompaktowa wiertarko 2,PowerBrand – ElectroStore – Search Website,9.0,0.0,0.0,0.0
PowerBrand Akumulator forge 2,PowerBrand – ElectroStore – Search Website,9.0,0.0,0.0,0.0
PowerBrand Narzędzie wielofunkcyjne,PowerBrand – ElectroStore – Search Website,9.0,0.0,0.0,0.0
PowerBrand Wiertarko wkrętarka 5,PowerBrand – ElectroStore – Search Website,9.0,3.0,0.0,0.0
PowerBrand Wyrzynarka rękojeścią 2,(referral),9.0,2.0,0.0,0.0
PowerBrand Akumulator high,PowerBrand – ElectroStore – Search Website,9.0,0.0,0.0,0.0
PowerBrand Wiertnica diamentowa,PowerBrand – ElectroStore – Search Website,9.0,0.0,0.0,0.0
PowerBrand Hiwf klucz,PowerBrand – ElectroStore – Search Website,9.0,0.0,0.0,0.0
PowerBrand Rcdab radio,(referral),9.0,0.0,0.0,0.0
PowerBrand Ładowarka szybka,(organic),9.0,1.0,0.0,0.0
PowerBrand Akumulatorowy opryskiwacz 2,(referral),9.0,1.0,1.0,1097.050002
PowerBrand Bmt narzędzie,PowerBrand – ElectroStore – Search Website,9.0,1.0,1.0,677.159999
PowerBrand Zakrętarka udarowa 3,(organic),9.0,2.0,0.0,0.0
PowerBrand Foph hta,PowerBrand – ElectroStore – Search Website,9.0,4.0,0.0,0.0
PowerBrand Zakrętarka udarowa,(organic),9.0,0.0,0.0,0.0
PowerBrand Mxftlic mobilny,(organic),9.0,0.0,0.0,0.0
PowerBrand Młot wiercąco 2,(referral),9.0,1.0,0.0,0.0
PowerBrand Nasadka magnetyczna,PowerBrand – ElectroStore – Search Website,9.0,4.0,0.0,0.0
PowerBrand Nasadka udarowa 2,(organic),9.0,0.0,0.0,0.0
PowerBrand Nasadka udarowa 3,PowerBrand-Shopping,9.0,0.0,1.0,86.029999
PowerBrand Okulary ochronne 11,PowerBrand-Shopping,9.0,0.0,0.0,0.0
PowerBrand Otwornica węglikiem 4,PowerBrand-Shopping,9.0,1.0,1.0,226.47
PowerBrand Otwornica węglikiem 5,PowerBrand-Shopping,9.0,0.0,0.0,0.0
PowerBrand Otwornica węglikiem 6,PowerBrand-Shopping,9.0,0.0,0.0,0.0
PowerBrand Otwornica węglikiem 7,PowerBrand-Shopping,9.0,0.0,0.0,0.0
PowerBrand Poziomica slim 2,PowerBrand-Shopping,9.0,0.0,0.0,0.0
PowerBrand Rękawice odporne,(organic),9.0,0.0,0.0,0.0
PowerBrand Rękawice skórzane 6,PowerBrand-Shopping,9.0,0.0,0.0,0.0
PowerBrand Rękawice zimowe,PowerBrand-Shopping,9.0,0.0,0.0,0.0
PowerBrand Wkrętak torx 4,PowerBrand-Shopping,9.0,1.0,0.0,0.0
PowerBrand Zestaw bitów 3,PowerBrand – ElectroStore – Search Website,9.0,3.0,1.0,131.999998
PowerBrand Zestaw bitów 3,PowerBrand-Shopping,9.0,1.0,0.0,0.0
PowerBrand Akumulatorowy opryskiwacz 3,(referral),8.0,1.0,2.0,1575.440001
PowerBrand Bity udarowe 10,PowerBrand-Shopping,8.0,0.0,0.0,0.0
PowerBrand Bity udarowe 11,PowerBrand-Shopping,8.0,0.0,0.0,0.0
PowerBrand Bluza kapturem,PowerBrand-Shopping,8.0,0.0,0.0,0.0
PowerBrand Brzeszczot węglikiem,PowerBrand-Shopping,8.0,0.0,0.0,0.0
PowerBrand Brzeszczot wyrzynarki 6,PowerBrand-Shopping,8.0,0.0,0.0,0.0
PowerBrand Buty robocze 15,PowerBrand-Shopping,8.0,0.0,0.0,0.0
PowerBrand Cienkie markery,PowerBrand-Shopping,8.0,0.0,0.0,0.0
DiamondTools Glider przystawka,PowerBrand-Shopping,8.0,0.0,0.0,0.0
DiamondTools Esthete ultracienka,(referral),8.0,0.0,0.0,0.0
DiamondTools Scalpel ultracienka,PMax | DiamondTools | Sprzedaż | Polska,8.0,2.0,1.0,147.100001
PowerBrand Dmuchawa akumulatorowa,(direct),8.0,0.0,0.0,0.0
PowerBrand Dmuchawa akumulatorowa,(not set),8.0,0.0,0.0,0.0
PowerBrand Subkompaktowa wiertarko 3,(referral),8.0,2.0,1.0,916.710002
PowerBrand Subkompaktowa wiertarko 4,PowerBrand – ElectroStore – Search Website,8.0,1.0,0.0,0.0
PowerBrand Sprężarka,PowerBrand – ElectroStore – Search Website,8.0,0.0,0.0,0.0
PowerBrand Zakrętarka udarowa 5,(referral),8.0,0.0,0.0,0.0
PowerBrand Szlifierka kątowa 8,PowerBrand – ElectroStore – Search Website,8.0,0.0,0.0,0.0
PowerBrand Wiertarko wkrętarka 6,PowerBrand – ElectroStore – Search Website,8.0,0.0,0.0,0.0
PowerBrand Akumulator high 2,PowerBrand – ElectroStore – Search Website,8.0,0.0,0.0,0.0
PowerBrand Bezszczotkowy młot,PowerBrand – ElectroStore – Search Website,8.0,2.0,0.0,0.0
PowerBrand Magnetyczny uchwyt,PowerBrand-Shopping,8.0,6.0,3.0,39.540003
PowerBrand Adapter udarowy,PowerBrand-Shopping,8.0,2.0,0.0,0.0
PowerBrand Świąteczny zestaw,PowerBrand-Shopping,8.0,0.0,0.0,0.0
PowerBrand Inkzall cienkopisy,PowerBrand-Shopping,8.0,0.0,0.0,0.0
PowerBrand Zakrętarka udarowa 2,PowerBrand – ElectroStore – Search Website,8.0,2.0,0.0,0.0
PowerBrand Fptr akumulatorowa,PowerBrand – ElectroStore – Search Website,8.0,0.0,0.0,0.0
PowerBrand Cst switch,(organic),8.0,1.0,0.0,0.0
PowerBrand Wst switch,(referral),8.0,0.0,0.0,0.0
PowerBrand Pilarka taśmowa,PowerBrand – ElectroStore – Search Website,8.0,0.0,0.0,0.0
PowerBrand Dmuchawa plecakowa,PowerBrand – ElectroStore – Search Website,8.0,0.0,0.0,0.0
PowerBrand Akumulatorowa dmuchawa,(organic),8.0,20.0,0.0,0.0
PowerBrand Nożyce żywopłotu 2,PowerBrand – ElectroStore – Search Website,8.0,0.0,0.0,0.0
PowerBrand Klucz udarowy 2,(referral),8.0,1.0,0.0,0.0
PowerBrand Foph akumulatorowa,PowerBrand – ElectroStore – Search Website,8.0,0.0,0.0,0.0
PowerBrand Foph csa,PowerBrand – ElectroStore – Search Website,8.0,2.0,0.0,0.0
PowerBrand Foph przystawka,PowerBrand – ElectroStore – Search Website,8.0,1.0,0.0,0.0
PowerBrand Akumulatorowe urządzenie,(referral),8.0,2.0,1.0,1689.749999
PowerBrand Klucz udarowy 11,PowerBrand – ElectroStore – Search Website,8.0,0.0,0.0,0.0
PowerBrand Okulary ochronne 10,(cross-network),8.0,0.0,0.0,0.0
PowerBrand Otwornica węglikiem 8,PowerBrand-Shopping,8.0,0.0,0.0,0.0
PowerBrand Rękawice skórzane 7,PowerBrand-Shopping,8.0,0.0,0.0,0.0
PowerBrand Szlifierka kątowa 9,PowerBrand – ElectroStore – Search Website,8.0,0.0,0.0,0.0
PowerBrand Sznur traserski,(referral),8.0,0.0,0.0,0.0
DiamondTools Tarcza diamentowa 2,PMax | DiamondTools | Sprzedaż | Polska,8.0,2.0,0.0,0.0
DiamondTools Tarcza diamentowa 3,(referral),8.0,1.0,0.0,0.0
PowerBrand Tarcza pilarska 6,PowerBrand-Shopping,8.0,0.0,0.0,0.0
PowerBrand Taśma miernicza 3,PowerBrand-Shopping,8.0,3.0,0.0,0.0
PowerBrand Uchwyty bitów,PowerBrand-Shopping,8.0,0.0,0.0,0.0
PowerBrand Wiertło szalunkowe,PowerBrand-Shopping,8.0,0.0,0.0,0.0
PowerBrand Wiertło szalunkowe 2,PowerBrand-Shopping,8.0,0.0,0.0,0.0
PowerBrand Zestaw bitów 4,PowerBrand-Shopping,8.0,0.0,0.0,0.0
PowerBrand Zestaw bitów 5,PowerBrand-Shopping,8.0,0.0,0.0,0.0
PowerBrand Zestaw bitów 6,PowerBrand-Shopping,8.0,0.0,0.0,0.0
PowerBrand Zestaw otwornic 4,PowerBrand-Shopping,8.0,0.0,0.0,0.0
PowerBrand Bity,PowerBrand-Shopping,7.0,0.0,0.0,0.0
PowerBrand Brzeszczot drewna 2,PowerBrand-Shopping,7.0,0.0,0.0,0.0
PowerBrand Butelka termiczna,(referral),7.0,0.0,0.0,0.0
PowerBrand Buty robocze 16,PowerBrand-Shopping,7.0,0.0,0.0,0.0
PowerBrand Buty robocze 17,PowerBrand-Shopping,7.0,0.0,0.0,0.0
DiamondTools Esthete ultracienka,PMax | DiamondTools | Sprzedaż | Polska,7.0,1.0,0.0,0.0
DiamondTools Mastercut diamentowa,(direct),7.0,1.0,0.0,0.0
DiamondTools Mechanic airchaser,(referral),7.0,0.0,0.0,0.0
DiamondTools Mechanic click,PMax | DiamondTools | Sprzedaż | Polska,7.0,0.0,0.0,0.0
DiamondTools Mechanic slider,PMax | DiamondTools | Sprzedaż | Polska,7.0,2.0,1.0,174.13
DiamondTools Shine wyjątkowo,(referral),7.0,2.0,1.0,191.84
DiamondTools Scalpel ultracienka,(referral),7.0,1.0,1.0,147.100001
PowerBrand Akumulator ion,(referral),7.0,1.0,0.0,0.0
PowerBrand Subkompaktowa wiertarko 5,PowerBrand – ElectroStore – Search Website,7.0,1.0,1.0,632.28
PowerBrand Hpt subkompaktowa,PowerBrand – ElectroStore – Search Website,7.0,0.0,0.0,0.0
PowerBrand Szlifierka kątowa 10,PowerBrand – ElectroStore – Search Website,7.0,1.0,0.0,0.0
PowerBrand Bezszczotkowa wiertarko 3,PowerBrand – ElectroStore – Search Website,7.0,0.0,0.0,0.0
PowerBrand Pistolet klejenia,(referral),7.0,0.0,1.0,994.26
PowerBrand Kompaktowa bezszczotkowa 6,PowerBrand – ElectroStore – Search Website,7.0,0.0,0.0,0.0
PowerBrand Kompaktowa bezszczotkowa 7,PowerBrand – ElectroStore – Search Website,7.0,1.0,0.0,0.0
PowerBrand Zestaw nasadek 2,PowerBrand – ElectroStore – Search Website,7.0,1.0,0.0,0.0
PowerBrand Zestaw dla,(referral),7.0,0.0,0.0,0.0
PowerBrand Ppc akumulatorowa,(direct),7.0,0.0,0.0,0.0
PowerBrand Ppc akumulatorowa,PowerBrand – ElectroStore – Search Website,7.0,4.0,1.0,650.08
PowerBrand Akumulatorowy obcinak,PowerBrand – ElectroStore – Search Website,7.0,2.0,0.0,0.0
PowerBrand Grzechotka akumulatorowa,PowerBrand – ElectroStore – Search Website,7.0,3.0,0.0,0.0
PowerBrand Nożyce żywopłotu 3,PowerBrand – ElectroStore – Search Website,7.0,0.0,0.0,0.0
PowerBrand Szlifierka kątowa 11,PowerBrand – ElectroStore – Search Website,7.0,1.0,0.0,0.0
PowerBrand Fidrq hydrauliczna,(referral),7.0,0.0,0.0,0.0
PowerBrand Foph przystawka 2,(referral),7.0,0.0,2.0,2361.800001
PowerBrand Akumulatorowe urządzenie,(organic),7.0,1.0,0.0,0.0
PowerBrand Foph‑ea krawędziarka,(referral),7.0,4.0,4.0,2276.599998
PowerBrand Zagłębiarka walizce,PowerBrand – ElectroStore – Search Website,7.0,0.0,0.0,0.0
PowerBrand Akumulatorowa smarownica 3,PowerBrand – ElectroStore – Search Website,7.0,2.0,2.0,1880.080002
PowerBrand Akumulatorowa smarownica 2,(not set),7.0,0.0,1.0,883.5
PowerBrand Klucz udarowy 8,(referral),7.0,1.0,0.0,0.0
PowerBrand Szlifierka kątowa 12,PowerBrand – ElectroStore – Search Website,7.0,1.0,0.0,0.0
PowerBrand Miniładowarka powerbank,(referral),7.0,1.0,1.0,540.029999
PowerBrand Akumulatorowa przecinarka,(cross-network),7.0,0.0,0.0,0.0
PowerBrand Nasadka udarowa 4,PowerBrand-Shopping,7.0,0.0,0.0,0.0
PowerBrand Red cobalt,PowerBrand-Shopping,7.0,0.0,0.0,0.0
PowerBrand Szlifierka kątowa 13,PowerBrand – ElectroStore – Search Website,7.0,2.0,0.0,0.0
PowerBrand Młotowiertarka akumulatorowa,(not set),7.0,0.0,0.0,0.0
PowerBrand Nasadka udarowa 5,PowerBrand-Shopping,7.0,0.0,0.0,0.0
PowerBrand Odkurzacz akumulatorowy,PowerBrand – ElectroStore – Search Website,7.0,2.0,2.0,1432.740003
PowerBrand Okulary ochronne 7,(cross-network),7.0,0.0,0.0,0.0
PowerBrand Otwornica kobaltowa 5,PowerBrand-Shopping,7.0,0.0,0.0,0.0
PowerBrand Otwornica bimetalowa 17,PowerBrand-Shopping,7.0,0.0,0.0,0.0
PowerBrand Otwornica węglikiem 9,PowerBrand-Shopping,7.0,0.0,0.0,0.0
PowerBrand Otwornica węglikiem 10,PowerBrand-Shopping,7.0,0.0,0.0,0.0
PowerBrand Poziomica slim 3,PowerBrand-Shopping,7.0,0.0,0.0,0.0
PowerBrand Poziomica slim 4,PowerBrand-Shopping,7.0,0.0,0.0,0.0
PowerBrand Poziomica teleskopowa,(cross-network),7.0,0.0,0.0,0.0
PowerBrand Proxxon szlifierka,PMax | DiamondTools | Sprzedaż | Polska,7.0,0.0,0.0,0.0
PowerBrand Rękawice chemoodporne 3,PowerBrand-Shopping,7.0,0.0,0.0,0.0
PowerBrand Rękawice odporne 10,PowerBrand-Shopping,7.0,0.0,0.0,0.0
PowerBrand Shw puck,PowerBrand-Shopping,7.0,0.0,0.0,0.0
PowerBrand Smarownica akumulatorowa,(referral),7.0,0.0,0.0,0.0
PowerBrand Subkompaktowa wiertarko 6,PowerBrand – ElectroStore – Search Website,7.0,0.0,0.0,0.0
PowerBrand Szczypce uniwersalne,PowerBrand-Shopping,7.0,0.0,0.0,0.0
PowerBrand Szlifierka kątowa 14,PowerBrand – ElectroStore – Search Website,7.0,1.0,0.0,0.0
DiamondTools Tarcza diamentowa 2,(referral),7.0,3.0,3.0,506.459998
DiamondTools Tarcza diamentowa 4,PMax | DiamondTools | Sprzedaż | Polska,7.0,0.0,0.0,0.0
PowerBrand Tarcza pilarska 7,(organic),7.0,0.0,0.0,0.0
PowerBrand Tarcza pilarska 8,PowerBrand-Shopping,7.0,0.0,0.0,0.0
PowerBrand Tarcza tnąca,PowerBrand-Shopping,7.0,0.0,0.0,0.0
PowerBrand Wiertło szalunkowe 3,PowerBrand-Shopping,7.0,0.0,0.0,0.0
PowerBrand Wiertło uniwersalne 4,PowerBrand-Shopping,7.0,0.0,0.0,0.0
PowerBrand Wkrętak krzyżowy 3,PowerBrand-Shopping,7.0,0.0,2.0,26.4
PowerBrand Zatyczki uszu,PowerBrand-Shopping,7.0,0.0,0.0,0.0
PowerBrand Zestaw wierteł,PowerBrand-Shopping,7.0,0.0,0.0,0.0
PowerBrand Zestaw bitów 2,(organic),7.0,0.0,0.0,0.0
PowerBrand Zestaw wierteł 2,PowerBrand-Shopping,7.0,0.0,0.0,0.0
PowerBrand Zestaw wkrętaków,PowerBrand – ElectroStore – Search Website,7.0,0.0,0.0,0.0
PowerBrand Agregat prądotwórczy,PowerBrand – ElectroStore – Search Website,6.0,0.0,0.0,0.0
PowerBrand Akumulator,aku,6.0,0.0,0.0,0.0
PowerBrand Automatyczny ściągacz,(organic),6.0,0.0,0.0,0.0
PowerBrand Bezszczotkowa wiertarko,(referral),6.0,0.0,0.0,0.0
PowerBrand Bity udarowe 12,PowerBrand-Shopping,6.0,1.0,0.0,0.0
PowerBrand Bity udarowe 13,PowerBrand-Shopping,6.0,1.0,0.0,0.0
PowerBrand Bity udarowe 14,PowerBrand-Shopping,6.0,0.0,0.0,0.0
PowerBrand Brzeszczot wyrzynarki 7,PowerBrand-Shopping,6.0,0.0,0.0,0.0
PowerBrand Brzeszczot wyrzynarki 8,PowerBrand-Shopping,6.0,0.0,0.0,0.0
PowerBrand Brzeszczot uniwersalny,PowerBrand-Shopping,6.0,0.0,0.0,0.0
PowerBrand Buty robocze 4,(referral),6.0,1.0,0.0,0.0
PowerBrand Buty robocze 6,(referral),6.0,1.0,1.0,371.450002
DiamondTools Edge tarcza,(referral),6.0,0.0,1.0,294.130001
DiamondTools Glider przystawka,(organic),6.0,3.0,1.0,578.599999
DiamondTools Hard ceramics 2,(referral),6.0,0.0,0.0,0.0
DiamondTools Hard ceramics 3,PMax | DiamondTools | Sprzedaż | Polska,6.0,0.0,0.0,0.0
DiamondTools Mechanic air,PMax | DiamondTools | Sprzedaż | Polska,6.0,2.0,1.0,187.490001
PowerBrand Kompaktowa zakrętarka,(referral),6.0,2.0,0.0,0.0
PowerBrand Lampa stojąca,PowerBrand – ElectroStore – Search Website,6.0,0.0,0.0,0.0
PowerBrand Lampa stojąca 2,PowerBrand – ElectroStore – Search Website,6.0,0.0,0.0,0.0
PowerBrand Akumulator ion 2,(referral),6.0,0.0,0.0,0.0
PowerBrand Subkompaktowa szlifierka,(referral),6.0,1.0,0.0,0.0
PowerBrand Subkompaktowa wiertarko 7,PowerBrand – ElectroStore – Search Website,6.0,1.0,0.0,0.0
PowerBrand Subkompaktowa wiertarko 8,PowerBrand – ElectroStore – Search Website,6.0,0.0,0.0,0.0
PowerBrand Hpt force,PowerBrand – ElectroStore – Search Website,6.0,0.0,0.0,0.0
PowerBrand Subkompaktowa wiertarko 9,PowerBrand – ElectroStore – Search Website,6.0,0.0,0.0,0.0
PowerBrand Zakrętarka udarowa 5,(organic),6.0,0.0,0.0,0.0
PowerBrand Odkurzacz sucho,PowerBrand – ElectroStore – Search Website,6.0,2.0,0.0,0.0
PowerBrand Szlifierka kątowa 3,(direct),6.0,0.0,0.0,0.0
PowerBrand Wiertarko wkrętarka 7,PowerBrand – ElectroStore – Search Website,6.0,0.0,0.0,0.0
PowerBrand Wiertarko wkrętarka 6,(direct),6.0,0.0,0.0,0.0
PowerBrand Wiertarko wkrętarka 6,(referral),6.0,1.0,1.0,692.74
PowerBrand Wiertarko wkrętarka 4,(organic),6.0,0.0,0.0,0.0
PowerBrand Akumulator high 3,PowerBrand – ElectroStore – Search Website,6.0,4.0,0.0,0.0
PowerBrand Głośnik bluetooth,PowerBrand – ElectroStore – Search Website,6.0,0.0,0.0,0.0
PowerBrand Szlifierka mimośrodowa,PowerBrand – ElectroStore – Search Website,6.0,0.0,0.0,0.0
PowerBrand Wyrzynarka bjs,PowerBrand – ElectroStore – Search Website,6.0,1.0,0.0,0.0
PowerBrand Dłuto sds,PowerBrand-Shopping,6.0,2.0,2.0,74.600002
PowerBrand Zestaw wkrętaków 2,PowerBrand – ElectroStore – Search Website,6.0,3.0,1.0,220.65
PowerBrand Twardy futerał,PowerBrand – ElectroStore – Search Website,6.0,3.0,1.0,31.639999
PowerBrand Zestaw kluczy 2,PowerBrand-Shopping,6.0,0.0,0.0,0.0
PowerBrand Nóż multifunkcyjny,PowerBrand – ElectroStore – Search Website,6.0,0.0,0.0,0.0
PowerBrand Lac przemysłowy,PowerBrand – ElectroStore – Search Website,6.0,2.0,0.0,0.0
PowerBrand Bswp hydropass,(referral),6.0,0.0,0.0,0.0
PowerBrand Pilarka tarczowa 2,PowerBrand – ElectroStore – Search Website,6.0,0.0,0.0,0.0
PowerBrand Kompaktowa młotowiertarka,PowerBrand – ElectroStore – Search Website,6.0,1.0,0.0,0.0
PowerBrand Grzechotka zwiększonym,PowerBrand – ElectroStore – Search Website,6.0,0.0,0.0,0.0
PowerBrand Grzechotka udarowa 2,PowerBrand – ElectroStore – Search Website,6.0,1.0,0.0,0.0
PowerBrand Akumulatorowy opryskiwacz 2,(organic),6.0,1.0,0.0,0.0
PowerBrand Akumulatorowa kosa,(referral),6.0,0.0,0.0,0.0
PowerBrand Nożyce żywopłotu,(direct),6.0,2.0,1.0,1399.490001
PowerBrand Fhz akumulatorowa,(referral),6.0,0.0,0.0,0.0
PowerBrand Klucz udarowy 5,(referral),6.0,0.0,0.0,0.0
PowerBrand Ukośnica posuwem,PowerBrand – ElectroStore – Search Website,6.0,0.0,0.0,0.0
PowerBrand Foph lta,(organic),6.0,1.0,1.0,497.650001
PowerBrand Radio głośnik,(referral),6.0,0.0,0.0,0.0
PowerBrand Wiertarko wkrętarka 8,(organic),6.0,2.0,1.0,807.94
PowerBrand Red cobalt,(referral),6.0,0.0,0.0,0.0
PowerBrand Młot wiercąco 2,PowerBrand – ElectroStore – Search Website,6.0,3.0,0.0,0.0
PowerBrand Nasadka magnetyczna 2,PowerBrand – ElectroStore – Search Website,6.0,7.0,0.0,0.0
PowerBrand Nasadka udarowa 6,PowerBrand-Shopping,6.0,0.0,0.0,0.0
PowerBrand Nasadka udarowa 7,PowerBrand-Shopping,6.0,0.0,0.0,0.0
PowerBrand Nasadka udarowa 8,PowerBrand-Shopping,6.0,0.0,0.0,0.0
PowerBrand Nóż nożyk,PowerBrand – ElectroStore – Search Website,6.0,0.0,0.0,0.0
PowerBrand Okulary ochronne 6,(cross-network),6.0,0.0,0.0,0.0
PowerBrand Otwornica bimetalowa 18,PowerBrand-Shopping,6.0,0.0,0.0,0.0
PowerBrand Otwornica bimetalowa 19,PowerBrand-Shopping,6.0,1.0,1.0,75.26
PowerBrand Otwornica bimetalowa 20,PowerBrand-Shopping,6.0,0.0,0.0,0.0
PowerBrand Otwornica bimetalowa 21,PowerBrand-Shopping,6.0,0.0,0.0,0.0
PowerBrand Otwornica zębami,PowerBrand-Shopping,6.0,0.0,0.0,0.0
PowerBrand Pistolet przedmuchiwania,(direct),6.0,0.0,0.0,0.0
PowerBrand Poziomica torpedo,(organic),6.0,0.0,0.0,0.0
PowerBrand Poziomica teleskopowa,(organic),6.0,0.0,0.0,0.0
PowerBrand Proxxon szlifierka 2,(direct),6.0,0.0,0.0,0.0
PowerBrand Rękawice ochronne 2,PowerBrand-Shopping,6.0,0.0,0.0,0.0
PowerBrand Rękawice ochronne,(direct),6.0,0.0,0.0,0.0
PowerBrand Rękawice odporne 11,PowerBrand-Shopping,6.0,0.0,0.0,0.0
PowerBrand Rękawice odporne 12,PowerBrand-Shopping,6.0,1.0,1.0,145.069999
PowerBrand Sds max 2,PowerBrand-Shopping,6.0,0.0,0.0,0.0
PowerBrand Subkompaktowa wiertarko 6,(cross-network),6.0,0.0,0.0,0.0
PowerBrand Szlifierka kątowa 15,PowerBrand – ElectroStore – Search Website,6.0,2.0,1.0,1384.679999
PowerBrand Sztyfciarka akumulatorowa,PowerBrand – ElectroStore – Search Website,6.0,0.0,0.0,0.0
PowerBrand Impact bit,PowerBrand-Shopping,6.0,0.0,0.0,0.0
PowerBrand Impact bit 2,PowerBrand-Shopping,6.0,0.0,0.0,0.0
PowerBrand Tarcza pilarska 9,PowerBrand-Shopping,6.0,0.0,0.0,0.0
PowerBrand Tarcza pilarska 10,PowerBrand-Shopping,6.0,0.0,0.0,0.0
PowerBrand Tarcza pilarska 11,PowerBrand-Shopping,6.0,0.0,0.0,0.0
PowerBrand Tarcza pilarska 12,PowerBrand-Shopping,6.0,0.0,0.0,0.0
PowerBrand Torba termiczna,(organic),6.0,0.0,0.0,0.0
PowerBrand Wiertło płytek 4,PowerBrand-Shopping,6.0,2.0,0.0,0.0
PowerBrand Wiertło płytek 5,PowerBrand-Shopping,6.0,0.0,0.0,0.0
PowerBrand Wiertło uniwersalne 5,PowerBrand-Shopping,6.0,0.0,0.0,0.0
PowerBrand Zestaw wkrętaków 3,PowerBrand-Shopping,6.0,0.0,0.0,0.0
PowerBrand Akumulator forge,(direct),5.0,1.0,0.0,0.0
PowerBrand Akumulator forge,(referral),5.0,1.0,0.0,0.0
PowerBrand Automatyczny ściągacz,(not set),5.0,0.0,0.0,0.0
PowerBrand Bit udarowy 4,PowerBrand-Shopping,5.0,1.0,0.0,0.0
PowerBrand Bity udarowe 15,PowerBrand – ElectroStore – Search Website,5.0,0.0,0.0,0.0
PowerBrand Bity udarowe 16,PowerBrand-Shopping,5.0,1.0,0.0,0.0
PowerBrand Bity udarowe 17,PowerBrand-Shopping,5.0,0.0,0.0,0.0
PowerBrand Bity udarowe 18,PowerBrand-Shopping,5.0,10.0,10.0,24.09999
PowerBrand Bity udarowe 19,PowerBrand-Shopping,5.0,1.0,0.0,0.0
PowerBrand Bity udarowe 3,PowerBrand – ElectroStore – Search Website,5.0,1.0,0.0,0.0
PowerBrand Brzeszczot blaty,(cross-network),5.0,0.0,0.0,0.0
PowerBrand Brzeszczot wyrzynarki 9,PowerBrand-Shopping,5.0,0.0,0.0,0.0
PowerBrand Brzeszczot wyrzynarki 10,PowerBrand-Shopping,5.0,0.0,0.0,0.0
PowerBrand Buty robocze 5,(referral),5.0,0.0,0.0,0.0
PowerBrand Buty robocze 2,PowerBrand – ElectroStore – Search Website,5.0,1.0,0.0,0.0
PowerBrand Buty robocze 18,PowerBrand-Shopping,5.0,1.0,0.0,0.0
PowerBrand Buty robocze 19,PowerBrand-Shopping,5.0,0.0,0.0,0.0
DiamondTools Glider przystawka,(direct),5.0,2.0,0.0,0.0
DiamondTools Cleaner ultracienka,PowerBrand-Shopping,5.0,0.0,0.0,0.0
DiamondTools Dds wiertło 2,(referral),5.0,0.0,0.0,0.0
DiamondTools Dds wiertło 3,PMax | DiamondTools | Sprzedaż | Polska,5.0,0.0,0.0,0.0
DiamondTools Decor slim,PMax | DiamondTools | Sprzedaż | Polska,5.0,0.0,0.0,0.0
DiamondTools Diamentowa tarcza,(direct),5.0,0.0,0.0,0.0
DiamondTools Diamentowa tarcza,(referral),5.0,8.0,0.0,0.0
DiamondTools Esthete ultracienka,(organic),5.0,2.0,1.0,141.51
DiamondTools Multigres tarcza,PMax | DiamondTools | Sprzedaż | Polska,5.0,3.0,1.0,95.760002
DiamondTools Pro gres 2,PMax | DiamondTools | Sprzedaż | Polska,5.0,3.0,1.0,81.560001
DiamondTools Pro gres,(referral),5.0,0.0,0.0,0.0
DiamondTools Otwornica sucha,PMax | DiamondTools | Sprzedaż | Polska,5.0,0.0,0.0,0.0
DiamondTools Shine wyjątkowo,(organic),5.0,2.0,0.0,0.0
PowerBrand Hogert zestaw 2,PowerBrand-Shopping,5.0,0.0,0.0,0.0
PowerBrand Klucz udarowy 9,(referral),5.0,0.0,0.0,0.0
PowerBrand Lampa warsztatowa,PowerBrand – ElectroStore – Search Website,5.0,0.0,0.0,0.0
PowerBrand Akumulator ion 2,PowerBrand – ElectroStore – Search Website,5.0,3.0,0.0,0.0
PowerBrand Kompaktowy klucz,PowerBrand – ElectroStore – Search Website,5.0,1.0,0.0,0.0
PowerBrand Subkompaktowa wiertarko 3,PowerBrand – ElectroStore – Search Website,5.0,0.0,0.0,0.0
PowerBrand One key,PowerBrand – ElectroStore – Search Website,5.0,0.0,0.0,0.0
PowerBrand High output,(referral),5.0,0.0,0.0,0.0
PowerBrand Subkompaktowy pistolet,PowerBrand – ElectroStore – Search Website,5.0,0.0,0.0,0.0
PowerBrand Strug,PowerBrand – ElectroStore – Search Website,5.0,0.0,0.0,0.0
PowerBrand Bezszczotkowa szlifierka,(direct),5.0,1.0,0.0,0.0
PowerBrand Akumulatorowa szlifierka,PowerBrand – ElectroStore – Search Website,5.0,0.0,0.0,0.0
PowerBrand Sds plus,(referral),5.0,0.0,0.0,0.0
PowerBrand Akumulatorowa szlifierka 2,PowerBrand – ElectroStore – Search Website,5.0,0.0,0.0,0.0
PowerBrand Frezarka górnowrzecionowa,(organic),5.0,0.0,0.0,0.0
PowerBrand Szlifierka kątowa 16,PowerBrand – ElectroStore – Search Website,5.0,1.0,0.0,0.0
PowerBrand Wyrzynarka rękojeścią 2,PowerBrand – ElectroStore – Search Website,5.0,0.0,0.0,0.0
PowerBrand Wiertarko wkrętarka,Shopping Free Listings,5.0,1.0,0.0,0.0
PowerBrand One key 2,PowerBrand – ElectroStore – Search Website,5.0,0.0,0.0,0.0
PowerBrand Kompaktowa biegowa,PowerBrand – ElectroStore – Search Website,5.0,0.0,0.0,0.0
PowerBrand Miara zwijana,(organic),5.0,0.0,0.0,0.0
PowerBrand Nasadka udarowa 9,PowerBrand-Shopping,5.0,0.0,0.0,0.0
PowerBrand Ostrze wgłębne,PowerBrand – ElectroStore – Search Website,5.0,0.0,0.0,0.0
PowerBrand Świąteczny zestaw,PowerBrand – ElectroStore – Search Website,5.0,0.0,0.0,0.0
PowerBrand Okulary ochronne 9,PowerBrand-Shopping,5.0,1.0,0.0,0.0
PowerBrand Obcinak rur,PowerBrand – ElectroStore – Search Website,5.0,0.0,0.0,0.0
PowerBrand Akumulatorowy opryskiwacz 4,(referral),5.0,0.0,0.0,0.0
PowerBrand Akumulatorowy obcinak,(direct),5.0,0.0,0.0,0.0
PowerBrand Chz subkompaktowa,PowerBrand – ElectroStore – Search Website,5.0,0.0,0.0,0.0
PowerBrand Szlifierka trzpieniowa,PowerBrand – ElectroStore – Search Website,5.0,2.0,0.0,0.0
PowerBrand Akumulatorowe nożyce,PowerBrand – ElectroStore – Search Website,5.0,3.0,2.0,937.599998
PowerBrand Fptr grzechotka,PowerBrand – ElectroStore – Search Website,5.0,1.0,1.0,1286.260002
PowerBrand Ładowarka sześciostanowiskowa,PowerBrand – ElectroStore – Search Website,5.0,0.0,0.0,0.0
PowerBrand Akumulatorowy opryskiwacz,(direct),5.0,2.0,0.0,0.0
PowerBrand Bhg opalarka,PowerBrand – ElectroStore – Search Website,5.0,0.0,0.0,0.0
PowerBrand Pilarka tarczowa,(not set),5.0,0.0,0.0,0.0
PowerBrand Braiw kątowy,PowerBrand – ElectroStore – Search Website,5.0,0.0,0.0,0.0
PowerBrand Bsx piła,(organic),5.0,0.0,0.0,0.0
PowerBrand Dbsc podwójna,PowerBrand – ElectroStore – Search Website,5.0,3.0,0.0,0.0
PowerBrand Dfc podwójna,PowerBrand – ElectroStore – Search Website,5.0,0.0,0.0,0.0
PowerBrand Dmuchawa plecakowa,(organic),5.0,0.0,0.0,0.0
PowerBrand Pilarka łańcuchowa 2,PowerBrand – ElectroStore – Search Website,5.0,0.0,0.0,0.0
PowerBrand Ffus zszywacz,(referral),5.0,0.0,0.0,0.0
PowerBrand Nożyce żywopłotu,PowerBrand – ElectroStore – Search Website,5.0,0.0,0.0,0.0
PowerBrand Teleskopowe nożyce,PowerBrand – ElectroStore – Search Website,5.0,0.0,0.0,0.0
PowerBrand Akumulatorowy klucz,(organic),5.0,0.0,0.0,0.0
PowerBrand Fhz akumulatorowa,PowerBrand – ElectroStore – Search Website,5.0,0.0,0.0,0.0
PowerBrand Gwoździarka wykończeniowa,(referral),5.0,1.0,0.0,0.0
PowerBrand Gwoździarka wykończeniowa,PowerBrand – ElectroStore – Search Website,5.0,0.0,0.0,0.0
PowerBrand Foph przystawka,(direct),5.0,1.0,1.0,1651.069999
PowerBrand Klucz udarowy 8,(direct),5.0,0.0,0.0,0.0
PowerBrand Onefhx młotowiertarka,(not set),5.0,0.0,0.0,0.0
PowerBrand Raddab akumulatorowe,PowerBrand – ElectroStore – Search Website,5.0,0.0,0.0,0.0
PowerBrand Uchwyt wiertarski,(organic),5.0,0.0,0.0,0.0
PowerBrand Młotowiertarka fhx,(referral),5.0,0.0,0.0,0.0
PowerBrand Nóż nożyk 2,PowerBrand-Shopping,5.0,0.0,0.0,0.0
PowerBrand Nóż nożyk 3,PowerBrand-Shopping,5.0,0.0,0.0,0.0
PowerBrand Okulary ochronne 11,PowerBrand – ElectroStore – Search Website,5.0,0.0,0.0,0.0
PowerBrand Okulary ochronne 4,(organic),5.0,0.0,0.0,0.0
PowerBrand Otwornica kobaltowa 6,PowerBrand-Shopping,5.0,0.0,0.0,0.0
PowerBrand Otwornica bimetalowa 22,PowerBrand-Shopping,5.0,0.0,0.0,0.0
PowerBrand Otwornica bimetalowa 23,PowerBrand-Shopping,5.0,0.0,0.0,0.0
PowerBrand Otwornica bimetalowa 24,PowerBrand-Shopping,5.0,1.0,0.0,0.0
PowerBrand Otwornica węglikiem 11,PowerBrand-Shopping,5.0,0.0,0.0,0.0
PowerBrand Rękawice całkowicie 5,PowerBrand-Shopping,5.0,5.0,10.0,156.300017
PowerBrand Rękawice odporne 13,PowerBrand-Shopping,5.0,0.0,0.0,0.0
PowerBrand Rękawice odporne 14,PowerBrand-Shopping,5.0,0.0,0.0,0.0
PowerBrand Rękawice odporne 2,(cross-network),5.0,0.0,0.0,0.0
PowerBrand Sds max 3,PowerBrand-Shopping,5.0,0.0,0.0,0.0
PowerBrand Sds max 4,PowerBrand-Shopping,5.0,0.0,0.0,0.0
PowerBrand Sekator teleskopowy,(referral),5.0,1.0,0.0,0.0
PowerBrand Skrzynia,PowerBrand – ElectroStore – Search Website,5.0,0.0,0.0,0.0
PowerBrand Skrzynia szufladami,PowerBrand – ElectroStore – Search Website,5.0,0.0,0.0,0.0
PowerBrand Szczypce nastawne 3,PowerBrand-Shopping,5.0,0.0,0.0,0.0
PowerBrand Szczypce nastawne 2,(cross-network),5.0,0.0,0.0,0.0
PowerBrand Szczypce nastawne 2,(organic),5.0,0.0,0.0,0.0
PowerBrand Szczypce wielofunkcyjne,PowerBrand-Shopping,5.0,0.0,0.0,0.0
PowerBrand Sznur traserski,PowerBrand-Shopping,5.0,0.0,0.0,0.0
DiamondTools Tarcza diamentowa 2,(organic),5.0,2.0,1.0,168.819999
DiamondTools Tarcza diamentowa 3,PMax | DiamondTools | Sprzedaż | Polska,5.0,2.0,1.0,198.439999
PowerBrand Tarcza pilarska 13,PowerBrand-Shopping,5.0,0.0,0.0,0.0
PowerBrand Tarcza pilarska 14,PowerBrand-Shopping,5.0,1.0,1.0,141.239999
PowerBrand Uchwyty bitów 2,PowerBrand-Shopping,5.0,0.0,0.0,0.0
PowerBrand Wkrętak torx 5,PowerBrand-Shopping,5.0,0.0,0.0,0.0
PowerBrand Wykaszarka akumulatorowa,(organic),5.0,1.0,0.0,0.0
PowerBrand Zagęszczarka weber,(direct),5.0,0.0,0.0,0.0
PowerBrand Zestaw bitów 4,PowerBrand – ElectroStore – Search Website,5.0,0.0,0.0,0.0
PowerBrand Zestaw bitów 6,(organic),5.0,0.0,0.0,0.0
PowerBrand Zestaw wierteł 3,PowerBrand – ElectroStore – Search Website,5.0,1.0,1.0,361.980001
PowerBrand Zestaw szczypiec,PowerBrand-Shopping,5.0,0.0,0.0,0.0
PowerBrand Młotowiertarka sds 3,PowerBrand – ElectroStore – Search Website,4.0,0.0,0.0,0.0
PowerBrand Pistolet klejenia 2,(referral),4.0,0.0,0.0,0.0
PowerBrand Akumulator,adbox_comparison,4.0,0.0,0.0,0.0
PowerBrand Akumulatorowa latarka,(referral),4.0,0.0,0.0,0.0
PowerBrand Automatyczny ściągacz,(cross-network),4.0,0.0,0.0,0.0
PowerBrand Bit udarowy 5,PowerBrand-Shopping,4.0,3.0,0.0,0.0
PowerBrand Bity udarowe 20,(not set),4.0,0.0,0.0,0.0
PowerBrand Bity udarowe 21,PowerBrand-Shopping,4.0,1.0,0.0,0.0
PowerBrand Bity udarowe 22,PowerBrand-Shopping,4.0,0.0,0.0,0.0
PowerBrand Bity udarowe 23,PowerBrand-Shopping,4.0,0.0,0.0,0.0
PowerBrand Bity udarowe 24,PowerBrand-Shopping,4.0,2.0,0.0,0.0
PowerBrand Brzeszczot blaty,(organic),4.0,0.0,0.0,0.0
PowerBrand Brzeszczot cięcia,PowerBrand-Shopping,4.0,0.0,0.0,0.0
PowerBrand Brzeszczot wyrzynarki 11,PowerBrand-Shopping,4.0,0.0,0.0,0.0
PowerBrand Brzeszczot wyrzynarki 2,(cross-network),4.0,5.0,0.0,0.0
PowerBrand Brzeszczot żeliwo,PowerBrand-Shopping,4.0,0.0,0.0,0.0
PowerBrand Butelka termiczna 2,(referral),4.0,0.0,2.0,225.040003
PowerBrand Buty robocze,(referral),4.0,0.0,0.0,0.0
PowerBrand Buty robocze 3,(organic),4.0,0.0,0.0,0.0
PowerBrand Buty robocze 20,PowerBrand-Shopping,4.0,0.0,0.0,0.0
PowerBrand Buty robocze 21,PowerBrand-Shopping,4.0,0.0,0.0,0.0
PowerBrand Czapka daszkiem,PowerBrand-Shopping,4.0,0.0,0.0,0.0
DiamondTools Glider przystawka,(cross-network),4.0,1.0,1.0,578.599999
DiamondTools Cleaner ultracienka,PMax | DiamondTools | Sprzedaż | Polska,4.0,0.0,0.0,0.0
DiamondTools Coolpad,,,,,
DiamondTools Cordset zestaw,(direct),4.0,1.0,0.0,0.0
DiamondTools Dds wiertło 4,(referral),4.0,1.0,0.0,0.0
DiamondTools Dds wiertło 2,(direct),4.0,3.0,1.0,325.080002
DiamondTools Edge dry,PMax | DiamondTools | Sprzedaż | Polska,4.0,0.0,1.0,150.78
DiamondTools Esthete tarcza,(referral),4.0,1.0,1.0,141.509999
DiamondTools Gres master,PMax | DiamondTools | Sprzedaż | Polska,4.0,0.0,0.0,0.0
DiamondTools Mastercut diamentowa,(organic),4.0,0.0,0.0,0.0
DiamondTools Mechanic air,(referral),4.0,0.0,0.0,0.0
DiamondTools Mechanic liner,(referral),4.0,0.0,1.0,237.120002
DiamondTools Pro gres,(organic),4.0,1.0,0.0,0.0
DiamondTools Tarcza diamentowa 5,(referral),4.0,0.0,0.0,0.0
PowerBrand Hełm ochronny,(referral),4.0,1.0,0.0,0.0
PowerBrand Kompaktowa bezszczotkowa,(referral),4.0,1.0,0.0,0.0
PowerBrand Kompaktowa zakrętarka,(not set),4.0,2.0,0.0,0.0
PowerBrand Krata,PowerBrand – ElectroStore – Search Website,4.0,0.0,0.0,0.0
PowerBrand Akumulator ion 3,PowerBrand – ElectroStore – Search Website,4.0,8.0,3.0,614.310001
PowerBrand Kompaktowy klucz 2,PowerBrand – ElectroStore – Search Website,4.0,0.0,0.0,0.0
PowerBrand Subkompaktowa szlifierka,PowerBrand – ElectroStore – Search Website,4.0,0.0,0.0,0.0
PowerBrand Subkompaktowa wiertarko 10,PowerBrand – ElectroStore – Search Website,4.0,0.0,0.0,0.0
PowerBrand Subkompaktowa wiertarko 4,(referral),4.0,0.0,0.0,0.0
PowerBrand Onehpt subkompaktowa,PowerBrand – ElectroStore – Search Website,4.0,0.0,0.0,0.0
PowerBrand High output,PowerBrand – ElectroStore – Search Website,4.0,4.0,0.0,0.0
PowerBrand Arfhp wysokowydajny,PowerBrand – ElectroStore – Search Website,4.0,0.0,0.0,0.0
PowerBrand Btp kompaktowa,(referral),4.0,0.0,0.0,0.0
PowerBrand Akumulator forge 2,(organic),4.0,0.0,0.0,0.0
PowerBrand Sds plus 2,PowerBrand-Shopping,4.0,0.0,0.0,0.0
PowerBrand One key 3,PowerBrand – ElectroStore – Search Website,4.0,0.0,0.0,0.0
PowerBrand One key 4,PowerBrand – ElectroStore – Search Website,4.0,1.0,0.0,0.0
PowerBrand Odkurzacz sucho,(not set),4.0,0.0,0.0,0.0
PowerBrand Odkurzacz sucho,(referral),4.0,0.0,0.0,0.0
PowerBrand Wiertarko wkrętarka,(organic),4.0,0.0,0.0,0.0
PowerBrand Akumulator high,(direct),4.0,1.0,0.0,0.0
PowerBrand Niwelator laserowy,PowerBrand – ElectroStore – Search Website,4.0,1.0,0.0,0.0
PowerBrand Niwelator laserowy,PowerBrand-Shopping,4.0,0.0,0.0,0.0
PowerBrand Bezszczotkowa wiertarko 4,PowerBrand – ElectroStore – Search Website,4.0,2.0,0.0,0.0
PowerBrand Pistolet klejenia 3,PowerBrand – ElectroStore – Search Website,4.0,0.0,0.0,0.0
PowerBrand Bezszczotkowy młot,(organic),4.0,0.0,0.0,0.0
PowerBrand Mechanic osłona,(organic),4.0,1.0,0.0,0.0
PowerBrand Metabo lipower,(organic),4.0,3.0,3.0,584.999996
PowerBrand Miara składana,(organic),4.0,0.0,0.0,0.0
PowerBrand Miara taśma 3,PowerBrand-Shopping,4.0,0.0,0.0,0.0
PowerBrand Zestaw wkrętaków 2,PowerBrand-Shopping,4.0,0.0,0.0,0.0
PowerBrand Zestaw bitów,PowerBrand – ElectroStore – Search Website,4.0,2.0,0.0,0.0
PowerBrand Nóż multifunkcyjny,(not set),4.0,4.0,4.0,203.559999
PowerBrand Nóż multifunkcyjny,(referral),4.0,0.0,0.0,0.0
PowerBrand Elcp odkurzacz,PowerBrand – ElectroStore – Search Website,4.0,0.0,0.0,0.0
PowerBrand Akumulatorowa latarka 2,PowerBrand – ElectroStore – Search Website,4.0,2.0,1.0,421.150001
PowerBrand Bprt nitownica,PowerBrand – ElectroStore – Search Website,4.0,1.0,0.0,0.0
PowerBrand Kompaktowy klucz 3,PowerBrand – ElectroStore – Search Website,4.0,0.0,0.0,0.0
PowerBrand Fhs akumulatorowa,PowerBrand – ElectroStore – Search Website,4.0,0.0,0.0,0.0
PowerBrand Grzechotka akumulatorowa 2,PowerBrand – ElectroStore – Search Website,4.0,2.0,0.0,0.0
PowerBrand Fmt narzędzie,PowerBrand – ElectroStore – Search Website,4.0,0.0,0.0,0.0
PowerBrand Kątowy klucz,PowerBrand – ElectroStore – Search Website,4.0,0.0,0.0,0.0
PowerBrand Rcdab radio,PowerBrand – ElectroStore – Search Website,4.0,0.0,0.0,0.0
PowerBrand Ładowarka szybka,DiamondTools rabat,4.0,0.0,0.0,0.0
PowerBrand Akumulatorowy opryskiwacz 5,PowerBrand – ElectroStore – Search Website,4.0,0.0,0.0,0.0
PowerBrand Akumulatorowy opryskiwacz 2,PowerBrand – ElectroStore – Search Website,4.0,0.0,0.0,0.0
PowerBrand Bllt podkaszarka,(organic),4.0,1.0,1.0,981.190002
PowerBrand Blswp hydropass,PowerBrand – ElectroStore – Search Website,4.0,0.0,0.0,0.0
PowerBrand Bpfp wst,(referral),4.0,0.0,0.0,0.0
PowerBrand Bpfp wst,PowerBrand – ElectroStore – Search Website,4.0,0.0,0.0,0.0
PowerBrand Bpfph plecakowy,(referral),4.0,0.0,0.0,0.0
PowerBrand Kompaktowy odkurzacz,PowerBrand – ElectroStore – Search Website,4.0,1.0,0.0,0.0
PowerBrand Akumulatorowa dmuchawa 2,(organic),4.0,0.0,0.0,0.0
PowerBrand Akumulatorowa pilarka 3,(referral),4.0,0.0,0.0,0.0
PowerBrand Fac sprężarka,PowerBrand – ElectroStore – Search Website,4.0,1.0,0.0,0.0
PowerBrand Akumulatorowa dmuchawa 3,(direct),4.0,1.0,0.0,0.0
PowerBrand Akumulatorowa dmuchawa 3,(organic),4.0,0.0,0.0,0.0
PowerBrand Młotowiertarka akumulatorowa 2,(referral),4.0,0.0,0.0,0.0
PowerBrand Młotowiertarka sds 4,(referral),4.0,0.0,0.0,0.0
PowerBrand Fhetsp nożyce,PowerBrand – ElectroStore – Search Website,4.0,0.0,0.0,0.0
PowerBrand Akumulatorowy klucz,(referral),4.0,1.0,0.0,0.0
PowerBrand Szlifierka kątowa 17,PowerBrand – ElectroStore – Search Website,4.0,1.0,0.0,0.0
PowerBrand Fhx młotowiertarka,(not set),4.0,1.0,0.0,0.0
PowerBrand Klucz udarowy 6,(referral),4.0,0.0,0.0,0.0
PowerBrand Klucz udarowy,(not set),4.0,1.0,0.0,0.0
PowerBrand Foph przystawka,(organic),4.0,0.0,0.0,0.0
PowerBrand Zagłębiarka walizce,(organic),4.0,0.0,0.0,0.0
PowerBrand Akumulatorowa smarownica,(direct),4.0,0.0,0.0,0.0
PowerBrand Hkp hydrauliczna,PowerBrand – ElectroStore – Search Website,4.0,0.0,0.0,0.0
PowerBrand Klucz udarowy 10,(organic),4.0,0.0,0.0,0.0
PowerBrand Onefhp młotowiertarka,(not set),4.0,0.0,0.0,0.0
PowerBrand Wiertarko wkrętarka 3,(organic),4.0,0.0,0.0,0.0
PowerBrand Szybka ładowarka,PowerBrand – ElectroStore – Search Website,4.0,0.0,0.0,0.0
PowerBrand Raddab akumulatorowe,(referral),4.0,0.0,0.0,0.0
PowerBrand Akumulator 2,PowerBrand-Shopping,4.0,0.0,0.0,0.0
PowerBrand Psc akumulatorowa,PowerBrand – ElectroStore – Search Website,4.0,0.0,0.0,0.0
PowerBrand Mxftlic mobilny,(not set),4.0,0.0,0.0,0.0
PowerBrand Power młotowiertarka,PowerBrand – ElectroStore – Search Website,4.0,2.0,0.0,0.0
PowerBrand Wkrętak krzyżowy 4,PowerBrand-Shopping,4.0,0.0,0.0,0.0
PowerBrand Zestaw narzędzi,PowerBrand-Shopping,4.0,0.0,0.0,0.0
PowerBrand Mocny plecak,PowerBrand – ElectroStore – Search Website,4.0,0.0,0.0,0.0
PowerBrand Grzechotka udarowa,(organic),4.0,0.0,0.0,0.0
PowerBrand Fmcs‑ pilarka,PowerBrand – ElectroStore – Search Website,4.0,0.0,0.0,0.0
PowerBrand Nasadka udarowa 10,PowerBrand-Shopping,4.0,0.0,0.0,0.0
PowerBrand Nóż składany 2,PowerBrand-Shopping,4.0,0.0,0.0,0.0
PowerBrand Obuwie bezpieczne,PowerBrand-Shopping,4.0,0.0,0.0,0.0
PowerBrand Okulary ochronne 3,(cross-network),4.0,0.0,0.0,0.0
PowerBrand Otwornica bimetalowa 25,PowerBrand-Shopping,4.0,0.0,0.0,0.0
PowerBrand Otwornica bimetalowa 26,PowerBrand-Shopping,4.0,1.0,0.0,0.0
PowerBrand Otwornica bimetalowa 27,PowerBrand-Shopping,4.0,0.0,0.0,0.0
PowerBrand Otwornica bimetalowa 28,PowerBrand-Shopping,4.0,1.0,0.0,0.0
PowerBrand Otwornica bimetalowa 29,PowerBrand-Shopping,4.0,0.0,0.0,0.0
PowerBrand Otwornica bimetalowa 30,PowerBrand-Shopping,4.0,0.0,0.0,0.0
PowerBrand Otwornica węglikiem 4,(organic),4.0,0.0,0.0,0.0
PowerBrand Otwornica zębami 2,PowerBrand-Shopping,4.0,0.0,0.0,0.0
PowerBrand Pilarka teleskopowa,PowerBrand – ElectroStore – Search Website,4.0,0.0,0.0,0.0
PowerBrand Poziomica elektroniczna,PowerBrand – ElectroStore – Search Website,4.0,0.0,0.0,0.0
PowerBrand Poziomica pocket,PowerBrand-Shopping,4.0,0.0,0.0,0.0
PowerBrand Proxxon szlifierka 2,(referral),4.0,0.0,0.0,0.0
PowerBrand Proxxon szlifierka 2,PMax | DiamondTools | Sprzedaż | Polska,4.0,1.0,1.0,437.739998
PowerBrand Rękawice chemoodporne 4,PowerBrand-Shopping,4.0,0.0,0.0,0.0
PowerBrand Rękawice ochronne 3,PowerBrand-Shopping,4.0,0.0,0.0,0.0
PowerBrand Rękawice odporne 15,PowerBrand-Shopping,4.0,0.0,0.0,0.0
PowerBrand Rękawice odporne 16,PowerBrand-Shopping,4.0,0.0,0.0,0.0
PowerBrand Rękawice skórzane 3,(direct),4.0,0.0,0.0,0.0
PowerBrand Rękawice zimowe 2,PowerBrand-Shopping,4.0,0.0,0.0,0.0
PowerBrand Sekator teleskopowy,(direct),4.0,0.0,0.0,0.0
PowerBrand Skrzynia szufladami 2,PowerBrand – ElectroStore – Search Website,4.0,0.0,0.0,0.0
PowerBrand Skrzynia szufladami 3,PowerBrand – ElectroStore – Search Website,4.0,0.0,0.0,0.0
PowerBrand Skrzynia szufladami 4,PowerBrand – ElectroStore – Search Website,4.0,0.0,0.0,0.0
PowerBrand Smarownica akumulatorowa,(organic),4.0,0.0,0.0,0.0
PowerBrand Spodnie robocze,PowerBrand-Shopping,4.0,0.0,0.0,0.0
PowerBrand Szczypce uniwersalne 2,PowerBrand-Shopping,4.0,0.0,0.0,0.0
PowerBrand Szlifierka kątowa 18,PowerBrand – ElectroStore – Search Website,4.0,0.0,0.0,0.0
PowerBrand Impact bit 3,PowerBrand-Shopping,4.0,0.0,0.0,0.0
DiamondTools Tarcza diamentowa,(organic),4.0,0.0,0.0,0.0
PowerBrand Tarcza pilarska 15,PowerBrand-Shopping,4.0,0.0,0.0,0.0
PowerBrand Tarcza pilarska 16,PowerBrand-Shopping,4.0,0.0,0.0,0.0
PowerBrand Tarcza pilarska 2,(organic),4.0,0.0,0.0,0.0
PowerBrand Tarcza pilarska 17,(organic),4.0,0.0,0.0,0.0
PowerBrand Tarcza tnąca 2,PowerBrand-Shopping,4.0,0.0,0.0,0.0
PowerBrand Torba dla,PowerBrand – ElectroStore – Search Website,4.0,0.0,0.0,0.0
PowerBrand Walizka heavy,PowerBrand – ElectroStore – Search Website,4.0,0.0,0.0,0.0
PowerBrand Wiertarko wkrętarka 2,(direct),4.0,0.0,0.0,0.0
PowerBrand Wiertarko wkrętarka 2,(not set),4.0,0.0,0.0,0.0
PowerBrand Wiertarko wkrętarka 2,(organic),4.0,0.0,0.0,0.0
PowerBrand Wiertło płytek 6,PowerBrand-Shopping,4.0,0.0,0.0,0.0
PowerBrand Wiertło płytek,(cross-network),4.0,0.0,0.0,0.0
PowerBrand Wiertło szalunkowe 4,PowerBrand-Shopping,4.0,0.0,0.0,0.0
PowerBrand Wiertło uniwersalne 6,PowerBrand-Shopping,4.0,0.0,0.0,0.0
PowerBrand Wiertło uniwersalne 7,PowerBrand-Shopping,4.0,0.0,0.0,0.0
PowerBrand Wkrętak krzyżowy 5,PowerBrand-Shopping,4.0,0.0,0.0,0.0
PowerBrand Wkrętak torx 6,PowerBrand-Shopping,4.0,0.0,0.0,0.0
PowerBrand Wkładka piankowa,PowerBrand-Shopping,4.0,0.0,0.0,0.0
PowerBrand Wkładka piankowa 2,PowerBrand-Shopping,4.0,0.0,0.0,0.0
PowerBrand Wykaszarka akumulatorowa,(direct),4.0,1.0,0.0,0.0
PowerBrand Zestaw wierteł 4,PowerBrand – ElectroStore – Search Website,4.0,0.0,0.0,0.0
PowerBrand Zestaw bitów 3,(not set),4.0,0.0,0.0,0.0
PowerBrand Zestaw bitów 3,(organic),4.0,0.0,0.0,0.0
PowerBrand Zestaw bitów 5,(organic),4.0,0.0,0.0,0.0
PowerBrand Zestaw bitów 6,PowerBrand – ElectroStore – Search Website,4.0,0.0,0.0,0.0
PowerBrand Zestaw bitów 7,PowerBrand – ElectroStore – Search Website,4.0,1.0,1.0,240.929999
PowerBrand Zestaw szczypiec 2,PowerBrand-Shopping,4.0,0.0,0.0,0.0
PowerBrand Zestawy bitów,(cross-network),4.0,0.0,0.0,0.0
PowerBrand Zestawy bitów,(organic),4.0,0.0,0.0,0.0
PowerBrand Nóż składany 3,PowerBrand-Shopping,4.0,0.0,0.0,0.0
PowerBrand Ściagacz izolacji,PowerBrand-Shopping,4.0,0.0,0.0,0.0
PowerBrand Agregat prądotwórczy,(not set),3.0,0.0,0.0,0.0
PowerBrand Agregat prądotwórczy,PowerBrand-Shopping,3.0,0.0,0.0,0.0
PowerBrand Akcesoria otwornic,PowerBrand-Shopping,3.0,1.0,0.0,0.0
PowerBrand Akumulator redlithium,(referral),3.0,0.0,0.0,0.0
PowerBrand Akumulator redlithium,PowerBrand – ElectroStore – Search Website,3.0,0.0,0.0,0.0
PowerBrand Bity,PowerBrand – ElectroStore – Search Website,3.0,0.0,0.0,0.0
PowerBrand Bity udarowe 25,PowerBrand-Shopping,3.0,0.0,0.0,0.0
PowerBrand Bity udarowe 26,(cross-network),3.0,0.0,0.0,0.0
PowerBrand Bity udarowe 27,PowerBrand-Shopping,3.0,0.0,0.0,0.0
PowerBrand Bity udarowe 28,PowerBrand-Shopping,3.0,1.0,0.0,0.0
PowerBrand Bity udarowe 6,PowerBrand – ElectroStore – Search Website,3.0,25.0,0.0,0.0
PowerBrand Bluza robocza,PowerBrand-Shopping,3.0,0.0,0.0,0.0
PowerBrand Brzeszczot drewna 3,PowerBrand-Shopping,3.0,0.0,0.0,0.0
PowerBrand Brzeszczot metalu,PowerBrand-Shopping,3.0,0.0,0.0,0.0
PowerBrand Brzeszczot metalu 2,PowerBrand-Shopping,3.0,0.0,0.0,0.0
PowerBrand Brzeszczot wyrzynarki 12,PowerBrand-Shopping,3.0,0.0,0.0,0.0
PowerBrand Butelka termiczna 3,(referral),3.0,0.0,0.0,0.0
PowerBrand Buty robocze,(cross-network),3.0,0.0,0.0,0.0
PowerBrand Buty robocze,(not set),3.0,0.0,0.0,0.0
PowerBrand Buty robocze 5,(direct),3.0,1.0,1.0,371.450002
PowerBrand Buty robocze 3,(cross-network),3.0,0.0,0.0,0.0
PowerBrand Buty robocze 6,(direct),3.0,1.0,2.0,742.9
PowerBrand Buty robocze 6,(organic),3.0,0.0,0.0,0.0
PowerBrand Buty robocze 22,PowerBrand-Shopping,3.0,0.0,0.0,0.0
PowerBrand Buty robocze 23,PowerBrand-Shopping,3.0,0.0,0.0,0.0
PowerBrand Buty robocze 24,PowerBrand-Shopping,3.0,0.0,0.0,0.0
PowerBrand Buty robocze 25,PowerBrand-Shopping,3.0,0.0,0.0,0.0
DiamondTools Mechanic tileduster,(referral),3.0,0.0,0.0,0.0
DiamondTools Galaxy tarcza,PowerBrand-Shopping,3.0,0.0,0.0,0.0
DiamondTools Edge tarcza 2,PMax | DiamondTools | Sprzedaż | Polska,3.0,0.0,0.0,0.0
DiamondTools Glider przystawka,(not set),3.0,0.0,0.0,0.0
DiamondTools Box torba,(referral),3.0,0.0,0.0,0.0
DiamondTools Butterfly diamentowa,(direct),3.0,2.0,0.0,0.0
DiamondTools Coolpad,,,,,
DiamondTools Coolpad,,,,,
DiamondTools Dds unc,(referral),3.0,3.0,3.0,580.680004
DiamondTools Dds wiertło 5,(referral),3.0,2.0,2.0,517.380002
DiamondTools Dds wiertło 6,PMax | DiamondTools | Sprzedaż | Polska,3.0,1.0,1.0,228.369999
DiamondTools Dds wiertło 7,PowerBrand-Shopping,3.0,0.0,0.0,0.0
DiamondTools Diamentowa tarcza,(organic),3.0,0.0,0.0,0.0
DiamondTools Edge dry 2,(organic),3.0,1.0,0.0,0.0
DiamondTools Esthete ultracienka,(direct),3.0,0.0,0.0,0.0
DiamondTools Esthete tarcza,PMax | DiamondTools | Sprzedaż | Polska,3.0,3.0,1.0,141.509999
DiamondTools Hard ceramics 4,(referral),3.0,0.0,0.0,0.0
DiamondTools Hard ceramics 4,PMax | DiamondTools | Sprzedaż | Polska,3.0,0.0,0.0,0.0
DiamondTools Mechanic click,(referral),3.0,0.0,2.0,482.780003
DiamondTools Mechanic spray,(referral),3.0,0.0,0.0,0.0
DiamondTools Mechanic vortex,(organic),3.0,0.0,0.0,0.0
DiamondTools Multigres tarcza 2,PMax | DiamondTools | Sprzedaż | Polska,3.0,0.0,0.0,0.0
DiamondTools Multigres tarcza,(organic),3.0,1.0,0.0,0.0
DiamondTools Turbo extra,(not set),3.0,0.0,0.0,0.0
PowerBrand Dłuto szerokie,(direct),3.0,0.0,1.0,61.070001
PowerBrand Festool ctlc,PowerBrand – ElectroStore – Search Website,3.0,0.0,0.0,0.0
PowerBrand Grzechotka,PowerBrand – ElectroStore – Search Website,3.0,0.0,0.0,0.0
PowerBrand Hogert wielofunkcyjna,(organic),3.0,0.0,0.0,0.0
PowerBrand Hełm ochronny 2,(referral),3.0,1.0,0.0,0.0
PowerBrand Hogert zestaw,(not set),3.0,0.0,0.0,0.0
PowerBrand Hogert zestaw,(organic),3.0,1.0,1.0,389.239998
PowerBrand Hogert zestaw,PowerBrand-Shopping,3.0,0.0,0.0,0.0
PowerBrand Hogert akumulator,PowerBrand – ElectroStore – Search Website,3.0,0.0,0.0,0.0
PowerBrand Hogert taśma,(organic),3.0,0.0,0.0,0.0
PowerBrand Inkzall olejowy 2,PowerBrand-Shopping,3.0,0.0,0.0,0.0
PowerBrand Klucz półotwarty,PowerBrand-Shopping,3.0,0.0,0.0,0.0
PowerBrand Kompaktowa bezszczotkowa 8,PowerBrand – ElectroStore – Search Website,3.0,0.0,0.0,0.0
PowerBrand Kompaktowy nóż,PowerBrand-Shopping,3.0,0.0,0.0,0.0
PowerBrand Kompaktowy uniwersalny,PowerBrand – ElectroStore – Search Website,3.0,0.0,0.0,0.0
PowerBrand Kątownik ciesielski,(organic),3.0,0.0,0.0,0.0
PowerBrand Latarka led,PowerBrand – ElectroStore – Search Website,3.0,0.0,0.0,0.0
PowerBrand Blddrc kompaktowa,PowerBrand – ElectroStore – Search Website,3.0,0.0,0.0,0.0
PowerBrand Blidrc kompaktowa,PowerBrand – ElectroStore – Search Website,3.0,0.0,0.0,0.0
PowerBrand Akumulatorowa szlifierka 3,PowerBrand – ElectroStore – Search Website,3.0,0.0,0.0,0.0
PowerBrand Subkompaktowa szlifierka 2,(organic),3.0,1.0,0.0,0.0
PowerBrand Subkompaktowa szlifierka 2,PowerBrand – ElectroStore – Search Website,3.0,0.0,0.0,0.0
PowerBrand Subkompaktowa wiertarko 11,(organic),3.0,0.0,0.0,0.0
PowerBrand Subkompaktowa wiertarko 11,PowerBrand – ElectroStore – Search Website,3.0,0.0,0.0,0.0
PowerBrand Subkompaktowa wiertarko 5,(referral),3.0,0.0,0.0,0.0
PowerBrand Subkompaktowa wiertarko 12,PowerBrand – ElectroStore – Search Website,3.0,0.0,0.0,0.0
PowerBrand Pilnik taśmowy,PowerBrand – ElectroStore – Search Website,3.0,0.0,0.0,0.0
PowerBrand High output,(organic),3.0,2.0,0.0,0.0
PowerBrand Laser zielony,PowerBrand – ElectroStore – Search Website,3.0,0.0,0.0,0.0
PowerBrand Laser zielony 2,PowerBrand – ElectroStore – Search Website,3.0,0.0,0.0,0.0
PowerBrand Wentylator powietrza,(organic),3.0,0.0,0.0,0.0
PowerBrand Alis kompaktowy,PowerBrand – ElectroStore – Search Website,3.0,0.0,0.0,0.0
PowerBrand Blhptxl force,PowerBrand – ElectroStore – Search Website,3.0,0.0,0.0,0.0
PowerBrand Btp kompaktowa,PowerBrand – ElectroStore – Search Website,3.0,0.0,0.0,0.0
PowerBrand Akumulator forge 2,(referral),3.0,0.0,0.0,0.0
PowerBrand Frezarka górnowrzecionowa 2,PowerBrand – ElectroStore – Search Website,3.0,0.0,0.0,0.0
PowerBrand Klucz udarowy 12,(referral),3.0,0.0,0.0,0.0
PowerBrand Klucz udarowy 12,PowerBrand – ElectroStore – Search Website,3.0,0.0,0.0,0.0
PowerBrand Duża szlifierka,PowerBrand – ElectroStore – Search Website,3.0,1.0,0.0,0.0
PowerBrand Wyrzynarka rękojeścią,(not set),3.0,0.0,0.0,0.0
PowerBrand Wyrzynarka rękojeścią,PowerBrand – ElectroStore – Search Website,3.0,0.0,0.0,0.0
PowerBrand Szlifierka kątowa 4,(not set),3.0,0.0,0.0,0.0
PowerBrand Wiertarko wkrętarka 9,(referral),3.0,0.0,0.0,0.0
PowerBrand Akumulator high 2,(referral),3.0,1.0,1.0,364.439998
PowerBrand Akumulator high,(referral),3.0,0.0,0.0,0.0
PowerBrand Mdtl wielokierunkowa,PowerBrand – ElectroStore – Search Website,3.0,0.0,0.0,0.0
PowerBrand Mobilna szybka,DiamondTools rabat,3.0,0.0,0.0,0.0
PowerBrand Onefprt nitownica,PowerBrand – ElectroStore – Search Website,3.0,0.0,0.0,0.0
PowerBrand Szlifierka mimośrodowa,(organic),3.0,0.0,0.0,0.0
PowerBrand Wyrzynarka bjs,DiamondTools rabat,3.0,0.0,0.0,0.0
PowerBrand Fhs pilarka,(direct),3.0,0.0,0.0,0.0
PowerBrand Mechanic edgeduster,PMax | DiamondTools | Sprzedaż | Polska,3.0,0.0,0.0,0.0
PowerBrand Miara składana 2,PowerBrand-Shopping,3.0,0.0,0.0,0.0
PowerBrand Miara taśma,(organic),3.0,0.0,0.0,0.0
PowerBrand Świąteczny zestaw 2,PowerBrand-Shopping,3.0,0.0,0.0,0.0
PowerBrand Adapter hex,(direct),3.0,8.0,6.0,74.420001
PowerBrand Zestaw dysz,(referral),3.0,0.0,0.0,0.0
PowerBrand Zestaw dysz,PowerBrand – ElectroStore – Search Website,3.0,1.0,1.0,137.690001
PowerBrand Nóż multifunkcyjny,PowerBrand-Shopping,3.0,0.0,0.0,0.0
PowerBrand Ołówek mechaniczny,(referral),3.0,0.0,0.0,0.0
PowerBrand Ładowarka akumulatorów,PowerBrand – ElectroStore – Search Website,3.0,2.0,0.0,0.0
PowerBrand Inkzall marker,PowerBrand-Shopping,3.0,3.0,0.0,0.0
PowerBrand Akumulatorowy opryskiwacz 4,(direct),3.0,0.0,0.0,0.0
PowerBrand Blprs akumulatorowy,PowerBrand – ElectroStore – Search Website,3.0,0.0,0.0,0.0
PowerBrand Akumulatorowe nożyce 2,PowerBrand – ElectroStore – Search Website,3.0,0.0,0.0,0.0
PowerBrand Grzechotka akumulatorowa 3,(organic),3.0,1.0,0.0,0.0
PowerBrand Grzechotka akumulatorowa 3,PowerBrand – ElectroStore – Search Website,3.0,0.0,0.0,0.0
PowerBrand Grzechotka akumulatorowa 4,PowerBrand – ElectroStore – Search Website,3.0,2.0,0.0,0.0
PowerBrand Pcss akumulatorowa,(direct),3.0,0.0,1.0,1417.099999
PowerBrand Rcdab radio,(organic),3.0,0.0,0.0,0.0
PowerBrand Ładowarka samochodowa,DiamondTools rabat,3.0,0.0,0.0,0.0
PowerBrand Ładowarka samochodowa,PowerBrand – ElectroStore – Search Website,3.0,0.0,0.0,0.0
PowerBrand Ładowarka szybka,(not set),3.0,2.0,0.0,0.0
PowerBrand Pilarka tarczowa,Shopping Free Listings,3.0,0.0,0.0,0.0
PowerBrand Blswp hydropass,(referral),3.0,0.0,0.0,0.0
PowerBrand Akumulatorowy odkurzacz,PowerBrand – ElectroStore – Search Website,3.0,0.0,0.0,0.0
PowerBrand Fac sprężarka,(organic),3.0,0.0,0.0,0.0
PowerBrand Fac sprężarka,(referral),3.0,0.0,0.0,0.0
PowerBrand Forge akumulator,aku,3.0,0.0,0.0,0.0
PowerBrand Akumulatorowa dmuchawa,(direct),3.0,1.0,1.0,571.95
PowerBrand Odkurzacz plecakowy,(organic),3.0,1.0,0.0,0.0
PowerBrand Fchs pilarka,PowerBrand – ElectroStore – Search Website,3.0,0.0,0.0,0.0
PowerBrand Ffus zszywacz,PowerBrand – ElectroStore – Search Website,3.0,0.0,0.0,0.0
PowerBrand Młotowiertarka sds 5,PowerBrand – ElectroStore – Search Website,3.0,0.0,0.0,0.0
PowerBrand Nożyce żywopłotu 3,(not set),3.0,0.0,0.0,0.0
PowerBrand Teleskopowe nożyce 2,PowerBrand – ElectroStore – Search Website,3.0,1.0,1.0,2159.71
PowerBrand Fhetsp nożyce,(organic),3.0,0.0,0.0,0.0
PowerBrand Fhz akumulatorowa 2,(referral),3.0,0.0,0.0,0.0
PowerBrand Fhz akumulatorowa 2,PowerBrand – ElectroStore – Search Website,3.0,0.0,0.0,0.0
PowerBrand Fmcs pilarka,PowerBrand – ElectroStore – Search Website,3.0,0.0,0.0,0.0
PowerBrand Klucz udarowy 4,(referral),3.0,0.0,0.0,0.0
PowerBrand Foph akumulatorowa,(organic),3.0,0.0,0.0,0.0
PowerBrand Foph bca,PowerBrand – ElectroStore – Search Website,3.0,0.0,0.0,0.0
PowerBrand Foph przystawka 2,PowerBrand – ElectroStore – Search Website,3.0,0.0,0.0,0.0
PowerBrand Foph csa,(not set),3.0,0.0,0.0,0.0
PowerBrand Foph exa,(direct),3.0,0.0,0.0,0.0
PowerBrand Foph exa,PowerBrand – ElectroStore – Search Website,3.0,3.0,1.0,287.109999
PowerBrand Foph hta,(direct),3.0,0.0,0.0,0.0
PowerBrand Foph hta,(not set),3.0,0.0,0.0,0.0
PowerBrand Foph lta,PowerBrand – ElectroStore – Search Website,3.0,0.0,0.0,0.0
PowerBrand Foph shta,(direct),3.0,0.0,0.0,0.0
PowerBrand Ogrodnicze urządzenie,(direct),3.0,0.0,0.0,0.0
PowerBrand Fqid zakrętarka,(referral),3.0,0.0,0.0,0.0
PowerBrand Fsx akumulatorowa,(organic),3.0,0.0,0.0,0.0
PowerBrand Fsz akumulatorowa,(referral),3.0,0.0,0.0,0.0
PowerBrand Akumulatorowa smarownica,(not set),3.0,0.0,0.0,0.0
PowerBrand Odkurzacz akumulatorowy 2,PowerBrand – ElectroStore – Search Website,3.0,0.0,0.0,0.0
PowerBrand Klucz udarowy 8,(ai-assistant),3.0,0.0,0.0,0.0
PowerBrand Klucz udarowy 3,(organic),3.0,0.0,0.0,0.0
PowerBrand Klucz udarowy 10,PMax | DiamondTools | Sprzedaż | Polska,3.0,0.0,0.0,0.0
PowerBrand Onefhx młotowiertarka,(organic),3.0,0.0,0.0,0.0
PowerBrand Szlifierka kątowa 12,PowerBrand-Shopping,3.0,0.0,0.0,0.0
PowerBrand Akumulatorowa przecinarka,(ai-assistant),3.0,0.0,0.0,0.0
PowerBrand Akumulatorowa przecinarka,(referral),3.0,0.0,0.0,0.0
PowerBrand Akumulator 2,(organic),3.0,0.0,0.0,0.0
PowerBrand Psc akumulatorowa,(organic),3.0,0.0,0.0,0.0
PowerBrand Mxftlic mobilny,PowerBrand-Shopping,3.0,0.0,0.0,0.0
PowerBrand Okulary ochronne 12,(organic),3.0,0.0,0.0,0.0
PowerBrand Red cobalt,(not set),3.0,1.0,0.0,0.0
PowerBrand Szlifierka kątowa 13,(direct),3.0,0.0,0.0,0.0
PowerBrand Buty ochronne,PowerBrand – ElectroStore – Search Website,3.0,0.0,0.0,0.0
PowerBrand Zestaw narzędzi,(organic),3.0,0.0,0.0,0.0
PowerBrand Młot wiercąco 3,PowerBrand – ElectroStore – Search Website,3.0,0.0,0.0,0.0
PowerBrand Młotek dwuobuchowy,PowerBrand-Shopping,3.0,0.0,0.0,0.0
PowerBrand Młotowiertarka fhx,(not set),3.0,0.0,0.0,0.0
PowerBrand Młotowiertarka sds 6,PowerBrand – ElectroStore – Search Website,3.0,0.0,0.0,0.0
PowerBrand Młotowiertarka sds 7,(cross-network),3.0,0.0,0.0,0.0
PowerBrand Młotowiertarka sds 7,(direct),3.0,1.0,1.0,754.000002
PowerBrand Młotowiertarka sds 7,(organic),3.0,1.0,0.0,0.0
PowerBrand Młotowiertarka sds 7,(referral),3.0,0.0,0.0,0.0
PowerBrand Młotowiertarka sds 7,PowerBrand – ElectroStore – Search Website,3.0,1.0,0.0,0.0
PowerBrand Młotowiertarka sds 8,PowerBrand – ElectroStore – Search Website,3.0,0.0,0.0,0.0
PowerBrand Młotowiertarka akumulatorowa,PowerBrand – ElectroStore – Search Website,3.0,1.0,0.0,0.0
PowerBrand Nakolanniki ochronne,PowerBrand – ElectroStore – Search Website,3.0,0.0,0.0,0.0
PowerBrand Nasadka magnetyczna 3,PowerBrand – ElectroStore – Search Website,3.0,4.0,0.0,0.0
PowerBrand Nasadka magnetyczna 4,PowerBrand – ElectroStore – Search Website,3.0,1.0,0.0,0.0
PowerBrand Nasadka magnetyczna,PowerBrand-Shopping,3.0,0.0,0.0,0.0
PowerBrand Nasadka udarowa 11,PowerBrand-Shopping,3.0,0.0,0.0,0.0
PowerBrand Nasadka udarowa 12,PowerBrand-Shopping,3.0,0.0,0.0,0.0
PowerBrand Nasadka udarowa 13,PowerBrand-Shopping,3.0,0.0,0.0,0.0
PowerBrand Nasadka udarowa 14,PowerBrand-Shopping,3.0,0.0,0.0,0.0
PowerBrand Nasadka udarowa 15,PowerBrand-Shopping,3.0,0.0,0.0,0.0
PowerBrand Nasadki grzechotką,PowerBrand – ElectroStore – Search Website,3.0,0.0,0.0,0.0
PowerBrand Nóż fastback,(not set),3.0,1.0,1.0,58.630001
PowerBrand Nóż nożyk,(organic),3.0,1.0,1.0,79.457377
PowerBrand Nóż mechanizmem,PowerBrand-Shopping,3.0,0.0,0.0,0.0
PowerBrand Obracana lampa,PowerBrand – ElectroStore – Search Website,3.0,0.0,0.0,0.0
PowerBrand Obuwie bezpieczne 2,PowerBrand-Shopping,3.0,0.0,0.0,0.0
PowerBrand Obuwie bezpieczne,PowerBrand – ElectroStore – Search Website,3.0,0.0,0.0,0.0
PowerBrand Okulary ochronne 3,PowerBrand – ElectroStore – Search Website,3.0,7.0,5.0,147.600003
PowerBrand Okulary ochronne 5,PowerBrand – ElectroStore – Search Website,3.0,6.0,5.0,153.750006
PowerBrand Okulary ochronne 2,(not set),3.0,0.0,0.0,0.0
PowerBrand Okulary ochronne 2,(organic),3.0,0.0,0.0,0.0
PowerBrand Okulary ochronne,(organic),3.0,0.0,0.0,0.0
PowerBrand Okulary ochronne 13,PowerBrand-Shopping,3.0,0.0,0.0,0.0
PowerBrand Organizer slim,PowerBrand – ElectroStore – Search Website,3.0,0.0,0.0,0.0
PowerBrand Otwornica bimetalowa 7,(cross-network),3.0,0.0,0.0,0.0
PowerBrand Otwornica bimetalowa 31,PowerBrand-Shopping,3.0,0.0,0.0,0.0
PowerBrand Otwornica bimetalowa 32,PowerBrand-Shopping,3.0,0.0,0.0,0.0
PowerBrand Otwornica bimetalowa 33,PowerBrand-Shopping,3.0,0.0,0.0,0.0
PowerBrand Otwornica bimetalowa 34,PowerBrand-Shopping,3.0,0.0,0.0,0.0
PowerBrand Otwornica bimetalowa 35,PowerBrand-Shopping,3.0,0.0,0.0,0.0
PowerBrand Otwornica bimetalowa 36,(cross-network),3.0,0.0,0.0,0.0
PowerBrand Otwornica bimetalowa 37,PowerBrand-Shopping,3.0,0.0,0.0,0.0
PowerBrand Otwornica węglikiem 12,(organic),3.0,0.0,0.0,0.0
PowerBrand Otwornica węglikiem,(cross-network),3.0,0.0,0.0,0.0
PowerBrand Otwornica węglikiem 13,PowerBrand-Shopping,3.0,0.0,0.0,0.0
PowerBrand Otwornica węglikiem 14,PowerBrand-Shopping,3.0,0.0,0.0,0.0
PowerBrand Otwornica węglikiem 15,PowerBrand-Shopping,3.0,0.0,0.0,0.0
PowerBrand Otwornica zębami,(cross-network),3.0,0.0,0.0,0.0
PowerBrand Otwornica zębami 3,PowerBrand-Shopping,3.0,1.0,0.0,0.0
PowerBrand Pojedynczy pasek,(organic),3.0,0.0,0.0,0.0
PowerBrand Poziomica redstick 3,PowerBrand-Shopping,3.0,0.0,0.0,0.0
PowerBrand Poziomica slim 5,PowerBrand-Shopping,3.0,0.0,0.0,0.0
PowerBrand Proxxon szlifierka,(not set),3.0,0.0,1.0,703.500001
PowerBrand Redukcja kwadrat,PowerBrand-Shopping,3.0,0.0,0.0,0.0
PowerBrand Rękawice cut,PowerBrand-Shopping,3.0,0.0,0.0,0.0
PowerBrand Rękawice całkowicie,(cross-network),3.0,0.0,0.0,0.0
PowerBrand Rękawice zastosowń,PowerBrand-Shopping,3.0,0.0,0.0,0.0
PowerBrand Rękawice zastosowń 2,PowerBrand-Shopping,3.0,0.0,0.0,0.0
PowerBrand Rękawice podwyższonym,PowerBrand-Shopping,3.0,0.0,0.0,0.0
PowerBrand Rękawice ochronne 4,PowerBrand-Shopping,3.0,0.0,0.0,0.0
PowerBrand Rękawice odporne 10,(cross-network),3.0,0.0,0.0,0.0
PowerBrand Rękawice odporne 17,PowerBrand-Shopping,3.0,0.0,0.0,0.0
PowerBrand Rękawice odporne 18,PowerBrand-Shopping,3.0,0.0,0.0,0.0
PowerBrand Rękawice odporne 11,(cross-network),3.0,0.0,0.0,0.0
PowerBrand Rękawice odporne 6,(cross-network),3.0,0.0,0.0,0.0
PowerBrand Rękawice odporne 4,(direct),3.0,0.0,0.0,0.0
PowerBrand Rękawice skórzane 8,PowerBrand-Shopping,3.0,0.0,0.0,0.0
PowerBrand Sds max 5,PowerBrand-Shopping,3.0,0.0,0.0,0.0
PowerBrand Sds max 6,PowerBrand-Shopping,3.0,0.0,0.0,0.0
PowerBrand Sds max 7,PowerBrand-Shopping,3.0,0.0,0.0,0.0
PowerBrand Sds plus 3,PowerBrand-Shopping,3.0,1.0,2.0,103.820001
PowerBrand Spodnie robocze 2,PowerBrand – ElectroStore – Search Website,3.0,0.0,0.0,0.0
PowerBrand Shw puck,(organic),3.0,0.0,0.0,0.0
PowerBrand Skrzynia narzędziowa,PowerBrand – ElectroStore – Search Website,3.0,0.0,0.0,0.0
PowerBrand Szczypce zdejmowania,PowerBrand-Shopping,3.0,0.0,0.0,0.0
PowerBrand Szczypce uniwersalne 3,PowerBrand-Shopping,3.0,0.0,0.0,0.0
PowerBrand Szczypce zaciskowe,PowerBrand-Shopping,3.0,0.0,0.0,0.0
PowerBrand Szlifierka kątowa 15,(direct),3.0,2.0,1.0,1384.68
PowerBrand Szlifierka kątowa 19,(cross-network),3.0,0.0,0.0,0.0
PowerBrand Szlifierka kątowa 20,PowerBrand – ElectroStore – Search Website,3.0,0.0,0.0,0.0
DiamondTools Tarcza diamentowa,PowerBrand-Shopping,3.0,0.0,0.0,0.0
PowerBrand Tarcza diamentowa,(organic),3.0,0.0,0.0,0.0
PowerBrand Tarcza garnkowa,PowerBrand-Shopping,3.0,0.0,0.0,0.0
PowerBrand Tarcza pilarska 18,(organic),3.0,0.0,0.0,0.0
PowerBrand Tarcza pilarska 19,PowerBrand-Shopping,3.0,0.0,0.0,0.0
PowerBrand Tarcza pilarska 20,PowerBrand-Shopping,3.0,0.0,0.0,0.0
PowerBrand Tarcza pilarska 21,PowerBrand-Shopping,3.0,0.0,0.0,0.0
PowerBrand Tarcza pilarska 17,PowerBrand-Shopping,3.0,0.0,0.0,0.0
PowerBrand Tarcza pilarska 11,(organic),3.0,0.0,0.0,0.0
PowerBrand Tarcza pilarska 22,PowerBrand-Shopping,3.0,0.0,0.0,0.0
PowerBrand Tarcza tnąca 3,(organic),3.0,0.0,0.0,0.0
PowerBrand Taśma miernicza 4,PowerBrand-Shopping,3.0,0.0,0.0,0.0
PowerBrand Torba,PowerBrand – ElectroStore – Search Website,3.0,0.0,0.0,0.0
PowerBrand Udarowe piła,PowerBrand-Shopping,3.0,0.0,0.0,0.0
PowerBrand Wiertło płytek 7,PowerBrand-Shopping,3.0,0.0,0.0,0.0
PowerBrand Wiertło piórowe,PowerBrand-Shopping,3.0,1.0,0.0,0.0
PowerBrand Wiertło spiralne,(cross-network),3.0,0.0,0.0,0.0
PowerBrand Wiertło szalunkowe 5,PowerBrand-Shopping,3.0,0.0,0.0,0.0
PowerBrand Wkrętak izolowany,PowerBrand-Shopping,3.0,0.0,0.0,0.0
PowerBrand Wkrętak płaski,PowerBrand-Shopping,3.0,0.0,0.0,0.0
PowerBrand Wkrętak płaski 2,PowerBrand-Shopping,3.0,0.0,0.0,0.0
PowerBrand Wkrętak płaski 3,PowerBrand-Shopping,3.0,0.0,0.0,0.0
PowerBrand Wkrętak torx,(organic),3.0,0.0,0.0,0.0
PowerBrand Wkrętaki izolowane,(referral),3.0,0.0,0.0,0.0
PowerBrand Wkrętaki izolowane,PowerBrand – ElectroStore – Search Website,3.0,0.0,0.0,0.0
PowerBrand Wkładka piankowa 2,PowerBrand – ElectroStore – Search Website,3.0,0.0,0.0,0.0
PowerBrand Wkładka piankowa 3,PowerBrand-Shopping,3.0,0.0,0.0,0.0
PowerBrand Wykaszarka akumulatorowa,(referral),3.0,0.0,0.0,0.0
PowerBrand Wózek transportowy,PowerBrand – ElectroStore – Search Website,3.0,0.0,0.0,0.0
PowerBrand Zestaw bitów 3,(referral),3.0,0.0,0.0,0.0
PowerBrand Zestaw bitów 8,(not set),3.0,1.0,1.0,197.779999
PowerBrand Zestaw bitów 8,(referral),3.0,1.0,1.0,197.779998
PowerBrand Zestaw bitów 8,PowerBrand – ElectroStore – Search Website,3.0,1.0,0.0,0.0
PowerBrand Zestaw otwornic 2,(not set),3.0,0.0,0.0,0.0
PowerBrand Zestaw wierteł 5,PowerBrand-Shopping,3.0,0.0,0.0,0.0
PowerBrand Zestaw grzechotka,PowerBrand – ElectroStore – Search Website,3.0,0.0,0.0,0.0
PowerBrand Szlifierka kątowa 2,(organic),3.0,0.0,0.0,0.0
PowerBrand Żyłka,(organic),3.0,1.0,1.0,122.999999
PowerBrand Młotowiertarka sds 3,(referral),2.0,0.0,0.0,0.0
PowerBrand Akumulator,DiamondTools rabat,2.0,2.0,0.0,0.0
PowerBrand Akumulator forge,(not set),2.0,0.0,0.0,0.0
PowerBrand Akumulator forge,(organic),2.0,1.0,1.0,1264.349999
PowerBrand Akumulator forge,DiamondTools rabat,2.0,0.0,0.0,0.0
PowerBrand Akumulator redlithium,(organic),2.0,0.0,0.0,0.0
PowerBrand Akumulator redlithium,PowerBrand-Shopping,2.0,0.0,0.0,0.0
PowerBrand Akumulatorowa latarka,PowerBrand – ElectroStore – Search Website,2.0,0.0,0.0,0.0
PowerBrand Akumulatorowa pilarka,(direct),2.0,1.0,0.0,0.0
PowerBrand Akumulatorowy opryskiwacz 3,(organic),2.0,0.0,0.0,0.0
PowerBrand Beta klucz,(referral),2.0,0.0,0.0,0.0
PowerBrand Bity udarowe 29,PowerBrand-Shopping,2.0,0.0,0.0,0.0
PowerBrand Bity udarowe 20,PowerBrand-Shopping,2.0,0.0,0.0,0.0
PowerBrand Bity udarowe 15,PowerBrand-Shopping,2.0,0.0,0.0,0.0
PowerBrand Bity udarowe 2,PowerBrand – ElectroStore – Search Website,2.0,0.0,0.0,0.0
PowerBrand Bity udarowe 21,PowerBrand – ElectroStore – Search Website,2.0,0.0,0.0,0.0
PowerBrand Bity udarowe 16,(organic),2.0,1.0,0.0,0.0
PowerBrand Bity udarowe 9,PowerBrand – ElectroStore – Search Website,2.0,46.0,0.0,0.0
PowerBrand Bity udarowe,PowerBrand – ElectroStore – Search Website,2.0,69.0,0.0,0.0
PowerBrand Brzeszczot drewna 4,(cross-network),2.0,0.0,0.0,0.0
PowerBrand Brzeszczot drewna 3,(organic),2.0,0.0,0.0,0.0
PowerBrand Brzeszczot metalu 3,PowerBrand – ElectroStore – Search Website,2.0,0.0,0.0,0.0
PowerBrand Brzeszczot parkiety,PowerBrand-Shopping,2.0,0.0,0.0,0.0
PowerBrand Buty robocze 16,(organic),2.0,0.0,0.0,0.0
PowerBrand Buty robocze 12,(referral),2.0,1.0,1.0,371.45
PowerBrand Buty robocze 4,(cross-network),2.0,0.0,0.0,0.0
PowerBrand Buty robocze 5,(organic),2.0,1.0,0.0,0.0
PowerBrand Buty robocze 3,PowerBrand – ElectroStore – Search Website,2.0,7.0,0.0,0.0
PowerBrand Buty robocze 2,(organic),2.0,0.0,0.0,0.0
PowerBrand Buty robocze 2,Shopping Free Listings,2.0,1.0,0.0,0.0
PowerBrand Buty robocze 26,PowerBrand-Shopping,2.0,0.0,0.0,0.0
PowerBrand Buty robocze 27,PowerBrand-Shopping,2.0,0.0,0.0,0.0
PowerBrand Buty robocze 28,PowerBrand-Shopping,2.0,0.0,0.0,0.0
PowerBrand Buty robocze 19,(cross-network),2.0,0.0,0.0,0.0
PowerBrand Cienkie markery,(cross-network),2.0,1.0,0.0,0.0
DiamondTools Mechanic firefly,(organic),2.0,2.0,0.0,0.0
DiamondTools Galaxy tarcza,(direct),2.0,6.0,0.0,0.0
DiamondTools Edge tarcza,PMax | DiamondTools | Sprzedaż | Polska,2.0,0.0,0.0,0.0
DiamondTools Edge tarcza 3,(referral),2.0,1.0,1.0,349.15
DiamondTools Edge tarcza 3,PMax | DiamondTools | Sprzedaż | Polska,2.0,0.0,0.0,0.0
DiamondTools Box torba,(organic),2.0,0.0,0.0,0.0
DiamondTools Coolpad,,,,,
DiamondTools Coolpad,,,,,
DiamondTools Coolpad,,,,,
DiamondTools Coolpad,,,,,
DiamondTools Cordset zestaw,PMax | DiamondTools | Sprzedaż | Polska,2.0,2.0,0.0,0.0
DiamondTools Dds wiertło 8,(cross-network),2.0,0.0,0.0,0.0
DiamondTools Dds wiertło 8,(referral),2.0,0.0,0.0,0.0
DiamondTools Dds unc 2,(referral),2.0,1.0,0.0,0.0
DiamondTools Dds unc 3,(direct),2.0,0.0,0.0,0.0
DiamondTools Dds unc 3,(referral),2.0,2.0,1.0,174.339999
DiamondTools Dds unc,PMax | DiamondTools | Sprzedaż | Polska,2.0,0.0,0.0,0.0
DiamondTools Dds wiertło,(not set),2.0,0.0,1.0,214.100001
DiamondTools Dds wiertło 9,PMax | DiamondTools | Sprzedaż | Polska,2.0,1.0,1.0,237.170002
DiamondTools Dds wiertło 10,(direct),2.0,0.0,0.0,0.0
DiamondTools Dds wiertło 11,PMax | DiamondTools | Sprzedaż | Polska,2.0,0.0,0.0,0.0
DiamondTools Dds koronka,PMax | DiamondTools | Sprzedaż | Polska,2.0,0.0,0.0,0.0
DiamondTools Dgm‑s nectar,PMax | DiamondTools | Sprzedaż | Polska,2.0,0.0,0.0,0.0
DiamondTools Decor slim,(cross-network),2.0,0.0,0.0,0.0
DiamondTools Decor slim,(organic),2.0,1.0,0.0,0.0
DiamondTools Diamentowa tarcza 2,PMax | DiamondTools | Sprzedaż | Polska,2.0,1.0,1.0,87.41
DiamondTools Diamentowa tarcza,PowerBrand-Shopping,2.0,0.0,0.0,0.0
DiamondTools Edge dry 2,(referral),2.0,0.0,0.0,0.0
DiamondTools Gres master 2,(direct),2.0,0.0,0.0,0.0
DiamondTools Mechanic abrasive,(organic),2.0,1.0,0.0,0.0
DiamondTools Mechanic click,(direct),2.0,0.0,0.0,0.0
DiamondTools Mechanic click,PowerBrand-Shopping,2.0,0.0,0.0,0.0
DiamondTools Mechanic spray,(direct),2.0,1.0,0.0,0.0
DiamondTools Mechanic slider,(organic),2.0,0.0,0.0,0.0
DiamondTools Mechanic vortex,PMax | DiamondTools | Sprzedaż | Polska,2.0,0.0,0.0,0.0
DiamondTools Pro tech,PMax | DiamondTools | Sprzedaż | Polska,2.0,0.0,0.0,0.0
DiamondTools Otwornica sucha,(organic),2.0,0.0,0.0,0.0
DiamondTools Rapid tarcza,(direct),2.0,0.0,0.0,0.0
DiamondTools Scalpel ultracienka,(direct),2.0,1.0,1.0,147.100002
DiamondTools Scalpel ultracienka,(not set),2.0,0.0,0.0,0.0
DiamondTools Scalpel ultracienka,(organic),2.0,0.0,0.0,0.0
DiamondTools Scalpel ultracienka,PowerBrand-Shopping,2.0,0.0,0.0,0.0
DiamondTools Turbo extra,PowerBrand-Shopping,2.0,0.0,0.0,0.0
PowerBrand Dłuto szerokie,(referral),2.0,1.0,0.0,0.0
PowerBrand Dłuto szerokie,PowerBrand-Shopping,2.0,0.0,0.0,0.0
PowerBrand Fazownik gwintów,PowerBrand – ElectroStore – Search Website,2.0,0.0,0.0,0.0
PowerBrand Głośnik bluetooth 2,(not set),2.0,0.0,0.0,0.0
PowerBrand Hełm bolt,(organic),2.0,0.0,0.0,0.0
PowerBrand Hełm bolt 2,PowerBrand-Shopping,2.0,0.0,0.0,0.0
PowerBrand Hełm bolt 3,(organic),2.0,0.0,0.0,0.0
PowerBrand Hełm bolt 4,PowerBrand-Shopping,2.0,0.0,0.0,0.0
PowerBrand Hełm ochronny 3,PowerBrand-Shopping,2.0,0.0,0.0,0.0
PowerBrand Hogert latarka,(referral),2.0,1.0,0.0,0.0
PowerBrand Hogert naświetlacz,PowerBrand – ElectroStore – Search Website,2.0,0.0,0.0,0.0
PowerBrand Hogert zestaw 3,PowerBrand – ElectroStore – Search Website,2.0,0.0,0.0,0.0
PowerBrand Hogert zestaw 4,PowerBrand – ElectroStore – Search Website,2.0,0.0,0.0,0.0
PowerBrand Hogert klucz,(direct),2.0,0.0,0.0,0.0
PowerBrand Hogert klucz,(organic),2.0,0.0,0.0,0.0
PowerBrand Hogert lutownica,PowerBrand – ElectroStore – Search Website,2.0,3.0,1.0,103.519998
PowerBrand Hogert odkurzacz,(not set),2.0,0.0,0.0,0.0
PowerBrand Inkzall olejowy,(cross-network),2.0,0.0,0.0,0.0
PowerBrand Inkzall olejowy,PowerBrand – ElectroStore – Search Website,2.0,10.0,12.0,233.519986
PowerBrand Inkzall olejowy 3,PowerBrand-Shopping,2.0,0.0,0.0,0.0
PowerBrand Inkzall olejowy 4,PowerBrand-Shopping,2.0,0.0,0.0,0.0
PowerBrand Klucz półotwarty 2,PowerBrand-Shopping,2.0,0.0,0.0,0.0
PowerBrand Klucz półotwarty 3,PowerBrand-Shopping,2.0,0.0,0.0,0.0
PowerBrand Klucz płasko,PowerBrand-Shopping,2.0,0.0,0.0,0.0
PowerBrand Klucz udarowy 9,(organic),2.0,0.0,0.0,0.0
PowerBrand Klucz udarowy 9,PowerBrand-Shopping,2.0,0.0,0.0,0.0
PowerBrand Kombi gwintownik,PowerBrand-Shopping,2.0,0.0,0.0,0.0
PowerBrand Kompaktowa bezszczotkowa 8,(direct),2.0,0.0,0.0,0.0
PowerBrand Kompaktowa bezszczotkowa,(not set),2.0,1.0,0.0,0.0
PowerBrand Kompaktowa bezszczotkowa 4,(referral),2.0,0.0,0.0,0.0
PowerBrand Kompaktowa piła,(referral),2.0,1.0,1.0,77.639999
PowerBrand Kurtka podgrzewana,(organic),2.0,0.0,0.0,0.0
PowerBrand Kurtka podgrzewana 2,PowerBrand-Shopping,2.0,0.0,0.0,0.0
PowerBrand Kątownik ciesielski 2,(organic),2.0,1.0,0.0,0.0
PowerBrand Kątownik ciesielski,(cross-network),2.0,0.0,0.0,0.0
PowerBrand Lampa oświetlania,PowerBrand – ElectroStore – Search Website,2.0,0.0,0.0,0.0
PowerBrand Lampa reflektor,PowerBrand – ElectroStore – Search Website,2.0,1.0,0.0,0.0
PowerBrand Latarka alkaliczna,PowerBrand – ElectroStore – Search Website,2.0,0.0,0.0,0.0
PowerBrand Latarka czołowa,PowerBrand – ElectroStore – Search Website,2.0,0.0,0.0,0.0
PowerBrand Latarka zasilana,(organic),2.0,0.0,0.0,0.0
PowerBrand Lutownica akumulatorowa,PowerBrand – ElectroStore – Search Website,2.0,0.0,0.0,0.0
PowerBrand Bcst subkompaktowy,(referral),2.0,0.0,0.0,0.0
PowerBrand Bcst subkompaktowy,PowerBrand – ElectroStore – Search Website,2.0,0.0,0.0,0.0
PowerBrand Blddrc kompaktowa 2,PowerBrand – ElectroStore – Search Website,2.0,0.0,0.0,0.0
PowerBrand Blp strug,PowerBrand – ElectroStore – Search Website,2.0,0.0,0.0,0.0
PowerBrand Kompaktowy klucz 2,(organic),2.0,1.0,0.0,0.0
PowerBrand Kompaktowy klucz 2,(referral),2.0,0.0,0.0,0.0
PowerBrand Akumulatorowa wiertarko,PowerBrand – ElectroStore – Search Website,2.0,1.0,0.0,0.0
PowerBrand Szlifierka mimośrodowa 2,PowerBrand – ElectroStore – Search Website,2.0,0.0,0.0,0.0
PowerBrand Młotowiertarka sds 9,PowerBrand – ElectroStore – Search Website,2.0,1.0,0.0,0.0
PowerBrand Subkompaktowa wiertarko,(referral),2.0,0.0,0.0,0.0
PowerBrand Subkompaktowa wiertarko 12,(referral),2.0,0.0,0.0,0.0
PowerBrand Pilnik taśmowy 2,PowerBrand – ElectroStore – Search Website,2.0,0.0,0.0,0.0
PowerBrand Subkompaktowa wiertarko 4,(not set),2.0,0.0,0.0,0.0
PowerBrand Hsfsm wysokoobrotowa,PowerBrand – ElectroStore – Search Website,2.0,0.0,0.0,0.0
PowerBrand Głośnik bluetooth 3,PowerBrand – ElectroStore – Search Website,2.0,0.0,0.0,0.0
PowerBrand Kamera inspekcyjna,PowerBrand – ElectroStore – Search Website,2.0,0.0,0.0,0.0
PowerBrand Laser zielony,(cross-network),2.0,0.0,0.0,0.0
PowerBrand Laser zielony,(direct),2.0,0.0,0.0,0.0
PowerBrand Laser zielony,PowerBrand-Shopping,2.0,0.0,0.0,0.0
PowerBrand Arfhp wysokowydajny,(referral),2.0,0.0,0.0,0.0
PowerBrand Akumulator ion 4,(referral),2.0,1.0,0.0,0.0
PowerBrand Bezszczotkowa szlifierka,(not set),2.0,0.0,0.0,0.0
PowerBrand Bezszczotkowa szlifierka,(organic),2.0,0.0,0.0,0.0
PowerBrand Piła tarczowa,(not set),2.0,0.0,0.0,0.0
PowerBrand Sds plus,PowerBrand – ElectroStore – Search Website,2.0,0.0,0.0,0.0
PowerBrand Sds plus,PowerBrand-Shopping,2.0,0.0,0.0,0.0
PowerBrand Wysokowydajna szlifierka,(direct),2.0,0.0,0.0,0.0
PowerBrand Fhx‑ młotowiertarka,(not set),2.0,0.0,0.0,0.0
PowerBrand Fhx‑ młotowiertarka,(referral),2.0,0.0,0.0,0.0
PowerBrand Fhx‑ młotowiertarka,PowerBrand – ElectroStore – Search Website,2.0,2.0,0.0,0.0
PowerBrand Nożyce blachy,PowerBrand – ElectroStore – Search Website,2.0,0.0,0.0,0.0
PowerBrand Szlifierka kątowa 10,(organic),2.0,0.0,0.0,0.0
PowerBrand Frezarka górnowrzecionowa,(direct),2.0,0.0,0.0,0.0
PowerBrand Frezarka górnowrzecionowa,PowerBrand – ElectroStore – Search Website,2.0,0.0,0.0,0.0
PowerBrand Trybowy młot,(referral),2.0,0.0,0.0,0.0
PowerBrand Trybowy młot,PowerBrand – ElectroStore – Search Website,2.0,0.0,0.0,0.0
PowerBrand Klucz udarowy 13,PowerBrand – ElectroStore – Search Website,2.0,0.0,0.0,0.0
PowerBrand Młotowiertarka sds 2,(not set),2.0,0.0,0.0,0.0
PowerBrand Narzędzie wielofunkcyjne,(organic),2.0,0.0,0.0,0.0
PowerBrand One key 5,PowerBrand – ElectroStore – Search Website,2.0,0.0,0.0,0.0
PowerBrand Wiertarko wkrętarka 5,(organic),2.0,0.0,0.0,0.0
PowerBrand Wyrzynarka rękojeścią,(direct),2.0,0.0,0.0,0.0
PowerBrand Młot wiercąco,(referral),2.0,0.0,0.0,0.0
PowerBrand Młotowiertarka sds,(referral),2.0,0.0,0.0,0.0
PowerBrand Szlifierka kątowa 4,(direct),2.0,0.0,0.0,0.0
PowerBrand Szlifierka kątowa 8,(not set),2.0,0.0,0.0,0.0
PowerBrand Wiertarko wkrętarka 4,(ai-assistant),2.0,0.0,0.0,0.0
PowerBrand Wiertarko wkrętarka 4,(not set),2.0,0.0,0.0,0.0
PowerBrand Akumulator high 3,(referral),2.0,1.0,1.0,1245.47
PowerBrand Akumulator high,(organic),2.0,0.0,0.0,0.0
PowerBrand Wiertarko wkrętarka 10,(direct),2.0,0.0,0.0,0.0
PowerBrand Onersal one,PowerBrand – ElectroStore – Search Website,2.0,0.0,0.0,0.0
PowerBrand Niwelator laserowy,(organic),2.0,0.0,0.0,0.0
PowerBrand Głośnik bluetooth,(referral),2.0,0.0,0.0,0.0
PowerBrand Kompaktowa bezszczotkowa 2,(referral),2.0,0.0,0.0,0.0
PowerBrand Kompaktowa bezszczotkowa 9,PowerBrand – ElectroStore – Search Website,2.0,0.0,0.0,0.0
PowerBrand Kompaktowa bezszczotkowa 5,(referral),2.0,0.0,0.0,0.0
PowerBrand Kompaktowa bezszczotkowa 3,aku,2.0,0.0,0.0,0.0
PowerBrand Kompaktowa wiertarko,PMax | DiamondTools | Sprzedaż | Polska,2.0,0.0,0.0,0.0
PowerBrand Pistolet klejenia 3,(referral),2.0,0.0,0.0,0.0
PowerBrand Pistolet klejenia 4,PowerBrand – ElectroStore – Search Website,2.0,0.0,0.0,0.0
PowerBrand Wyrzynarka bjs 2,DiamondTools rabat,2.0,0.0,0.0,0.0
PowerBrand Bezszczotkowy młot,(not set),2.0,0.0,0.0,0.0
PowerBrand Bezszczotkowy młot,(referral),2.0,0.0,0.0,0.0
PowerBrand Mxf‑c charger,PowerBrand – ElectroStore – Search Website,2.0,0.0,0.0,0.0
PowerBrand Magnetyczny uchwyt,(cross-network),2.0,0.0,0.0,0.0
PowerBrand Magnetyczny uchwyty,PowerBrand-Shopping,2.0,0.0,0.0,0.0
PowerBrand Mechanic socketduster,PMax | DiamondTools | Sprzedaż | Polska,2.0,0.0,0.0,0.0
PowerBrand Metabo ssw,PowerBrand – ElectroStore – Search Website,2.0,0.0,0.0,0.0
PowerBrand Miara taśma 2,PowerBrand – ElectroStore – Search Website,2.0,2.0,2.0,177.22
PowerBrand Miara zwijana 2,PowerBrand-Shopping,2.0,0.0,0.0,0.0
PowerBrand Nóż łamanym,(organic),2.0,1.0,0.0,0.0
PowerBrand Adapter fixtec,(organic),2.0,1.0,0.0,0.0
PowerBrand Taśma miernicza 5,PowerBrand – ElectroStore – Search Website,2.0,0.0,0.0,0.0
PowerBrand Plecak,PowerBrand – ElectroStore – Search Website,2.0,0.0,0.0,0.0
PowerBrand Adapter hex,PowerBrand-Shopping,2.0,0.0,0.0,0.0
PowerBrand Zestaw nasadek 2,(organic),2.0,1.0,0.0,0.0
PowerBrand Inkzall markery,PowerBrand – ElectroStore – Search Website,2.0,4.0,2.0,37.46
PowerBrand Zestaw dla,PowerBrand – ElectroStore – Search Website,2.0,1.0,0.0,0.0
PowerBrand Podwójne szelki,(referral),2.0,0.0,0.0,0.0
PowerBrand Podwójne szelki,PowerBrand – ElectroStore – Search Website,2.0,0.0,0.0,0.0
PowerBrand Świąteczny zestaw,(organic),2.0,0.0,0.0,0.0
PowerBrand Okulary ochronne 9,(direct),2.0,3.0,1.0,42.000002
PowerBrand Zestaw kluczy 3,(referral),2.0,0.0,0.0,0.0
PowerBrand Zestaw kluczy 3,PowerBrand-Shopping,2.0,0.0,0.0,0.0
PowerBrand Zestaw kluczy 2,(not set),2.0,0.0,0.0,0.0
PowerBrand Wymienna szczotka,PowerBrand – ElectroStore – Search Website,2.0,0.0,0.0,0.0
PowerBrand Szczypce nastawne 4,PowerBrand – ElectroStore – Search Website,2.0,3.0,3.0,481.560001
PowerBrand Ołówek mechaniczny,PowerBrand-Shopping,2.0,2.0,0.0,0.0
PowerBrand Szlifierka polerka,PowerBrand – ElectroStore – Search Website,2.0,0.0,0.0,0.0
PowerBrand Elcp odkurzacz,(organic),2.0,0.0,0.0,0.0
PowerBrand Ładowarka akumulatorów,(referral),2.0,0.0,0.0,0.0
PowerBrand Piła szablasta,PowerBrand – ElectroStore – Search Website,2.0,0.0,0.0,0.0
PowerBrand Led flood,PowerBrand – ElectroStore – Search Website,2.0,0.0,0.0,0.0
PowerBrand Freeflex spodnie,PowerBrand – ElectroStore – Search Website,2.0,0.0,0.0,0.0
PowerBrand Inkzall marker,PowerBrand – ElectroStore – Search Website,2.0,5.0,0.0,0.0
PowerBrand Pps przenośne,PowerBrand – ElectroStore – Search Website,2.0,0.0,0.0,0.0
PowerBrand Alip lampa,PowerBrand – ElectroStore – Search Website,2.0,1.0,0.0,0.0
PowerBrand Akumulatorowy opryskiwacz 4,(not set),2.0,0.0,0.0,0.0
PowerBrand Akumulatorowy opryskiwacz 4,PowerBrand – ElectroStore – Search Website,2.0,0.0,0.0,0.0
PowerBrand Blprs akumulatorowy,(organic),2.0,0.0,0.0,0.0
PowerBrand Bprt nitownica,(direct),2.0,0.0,0.0,0.0
PowerBrand Bst akumulatorowy,(direct),2.0,0.0,0.0,0.0
PowerBrand Bswp hydropass,(direct),2.0,0.0,0.0,0.0
PowerBrand Bswp hydropass,(not set),2.0,0.0,0.0,0.0
PowerBrand Bswp hydropass,PowerBrand – ElectroStore – Search Website,2.0,0.0,0.0,0.0
PowerBrand Chz subkompaktowa,Shopping Free Listings,2.0,0.0,1.0,665.350002
PowerBrand Subkompaktowa pilarka,PowerBrand – ElectroStore – Search Website,2.0,1.0,0.0,0.0
PowerBrand Szlifierka trzpieniowa,(direct),2.0,0.0,0.0,0.0
PowerBrand Szlifierka trzpieniowa,(not set),2.0,0.0,0.0,0.0
PowerBrand Szlifierka trzpieniowa,(organic),2.0,0.0,0.0,0.0
PowerBrand Fhs akumulatorowa,(referral),2.0,0.0,0.0,0.0
PowerBrand Akumulatorowa zakrętarka,(not set),2.0,0.0,0.0,0.0
PowerBrand Grzechotka akumulatorowa 2,(ai-assistant),2.0,1.0,0.0,0.0
PowerBrand Grzechotka akumulatorowa 2,(organic),2.0,0.0,0.0,0.0
PowerBrand Grzechotka akumulatorowa 5,PowerBrand – ElectroStore – Search Website,2.0,0.0,0.0,0.0
PowerBrand Fptr grzechotka,(organic),2.0,0.0,0.0,0.0
PowerBrand Kurtka podgrzewana 3,(direct),2.0,0.0,0.0,0.0
PowerBrand Pcss akumulatorowa 2,PowerBrand – ElectroStore – Search Website,2.0,1.0,0.0,0.0
PowerBrand Ładowarka szybka,(direct),2.0,1.0,0.0,0.0
PowerBrand Akumulatorowy opryskiwacz 2,(direct),2.0,1.0,0.0,0.0
PowerBrand Akumulatorowy opryskiwacz 2,PowerBrand-Shopping,2.0,0.0,0.0,0.0
PowerBrand Akumulatorowy opryskiwacz,(ai-assistant),2.0,1.0,1.0,1097.049999
PowerBrand Akumulatorowy opryskiwacz,(not set),2.0,0.0,0.0,0.0
PowerBrand Cst switch,(ai-assistant),2.0,1.0,1.0,870.21
PowerBrand Cst switch,(direct),2.0,2.0,0.0,0.0
PowerBrand Cst switch,PowerBrand-Shopping,2.0,0.0,0.0,0.0
PowerBrand Wst switch,(direct),2.0,1.0,0.0,0.0
PowerBrand Wst switch,PowerBrand – ElectroStore – Search Website,2.0,0.0,0.0,0.0
PowerBrand Bhg opalarka,(organic),2.0,0.0,0.0,0.0
PowerBrand Pilarka tarczowa,(organic),2.0,0.0,0.0,0.0
PowerBrand Pilarka tarczowa,(referral),2.0,0.0,0.0,0.0
PowerBrand Bllt podkaszarka,(not set),2.0,0.0,0.0,0.0
PowerBrand Bmt narzędzie,(organic),2.0,0.0,0.0,0.0
PowerBrand Bpfph plecakowy,(organic),2.0,0.0,0.0,0.0
PowerBrand Pilarka tarczowa 3,PowerBrand – ElectroStore – Search Website,2.0,0.0,0.0,0.0
PowerBrand Chm‑ młot,PowerBrand-Shopping,2.0,0.0,0.0,0.0
PowerBrand Kompaktowy odkurzacz,(direct),2.0,0.0,0.0,0.0
PowerBrand Kompaktowy odkurzacz,(referral),2.0,0.0,0.0,0.0
PowerBrand Dbsc podwójna,(not set),2.0,0.0,0.0,0.0
PowerBrand Akumulatorowa kosa,(not set),2.0,0.0,0.0,0.0
PowerBrand Akumulatorowa kosiarka,(direct),2.0,0.0,0.0,0.0
PowerBrand Odkurzacz budowlany,(referral),2.0,0.0,0.0,0.0
PowerBrand Odkurzacz budowlany,PowerBrand – ElectroStore – Search Website,2.0,0.0,0.0,0.0
PowerBrand Forge akumulator,(not set),2.0,0.0,0.0,0.0
PowerBrand Forge akumulator,DiamondTools rabat,2.0,0.0,0.0,0.0
PowerBrand Akumulatorowa dmuchawa,adbox_comparison,2.0,1.0,1.0,562.270001
PowerBrand Fcddexl kompaktowy,PowerBrand – ElectroStore – Search Website,2.0,0.0,0.0,0.0
PowerBrand Ffn gwoździarka,(direct),2.0,0.0,0.0,0.0
PowerBrand Młotowiertarka akumulatorowa 2,PowerBrand – ElectroStore – Search Website,2.0,1.0,0.0,0.0
PowerBrand Nożyce żywopłotu 3,(referral),2.0,0.0,0.0,0.0
PowerBrand Nożyce żywopłotu 2,(referral),2.0,0.0,0.0,0.0
PowerBrand Teleskopowe nożyce 2,(referral),2.0,0.0,0.0,0.0
PowerBrand Fhetsp nożyce,(direct),2.0,0.0,0.0,0.0
PowerBrand Klucz udarowy 2,(not set),2.0,0.0,0.0,0.0
PowerBrand Klucz udarowy 2,(organic),2.0,0.0,0.0,0.0
PowerBrand Akumulatorowy klucz,(not set),2.0,0.0,0.0,0.0
PowerBrand Pilarka łańcuchowa,(referral),2.0,0.0,0.0,0.0
PowerBrand Pilarka łańcuchowa,PowerBrand-Shopping,2.0,0.0,0.0,0.0
PowerBrand Szlifierka kątowa 11,(organic),2.0,0.0,0.0,0.0
PowerBrand Szlifierka kątowa 17,(organic),2.0,0.0,0.0,0.0
PowerBrand Szlifierka kątowa 7,(organic),2.0,0.0,0.0,0.0
PowerBrand Fhx młotowiertarka,(direct),2.0,0.0,1.0,1517.180001
PowerBrand Fhx młotowiertarka,(referral),2.0,0.0,0.0,0.0
PowerBrand Fhz akumulatorowa,(organic),2.0,0.0,0.0,0.0
PowerBrand Zakrętarka udarowa 4,(ai-assistant),2.0,0.0,0.0,0.0
PowerBrand Klucz udarowy 5,(not set),2.0,0.0,0.0,0.0
PowerBrand Fmdp‑ akumulatorowa,PowerBrand – ElectroStore – Search Website,2.0,0.0,0.0,0.0
PowerBrand Klucz udarowy,(organic),2.0,0.0,0.0,0.0
PowerBrand Klucz udarowy,(referral),2.0,0.0,0.0,0.0
PowerBrand Gwoździarka wykończeniowa 2,(cross-network),2.0,0.0,0.0,0.0
PowerBrand Foph bca,(referral),2.0,0.0,0.0,0.0
PowerBrand Foph csa,(referral),2.0,1.0,0.0,0.0
PowerBrand Foph exa,(not set),2.0,0.0,0.0,0.0
PowerBrand Foph hta,(organic),2.0,0.0,0.0,0.0
PowerBrand Foph lta,(not set),2.0,0.0,0.0,0.0
PowerBrand Foph przystawka,(referral),2.0,0.0,0.0,0.0
PowerBrand Ogrodnicze urządzenie,(not set),2.0,0.0,0.0,0.0
PowerBrand Ogrodnicze urządzenie,(organic),2.0,0.0,0.0,0.0
PowerBrand Akumulatorowe urządzenie,(direct),2.0,0.0,0.0,0.0
PowerBrand Fqid zakrętarka,PowerBrand – ElectroStore – Search Website,2.0,0.0,0.0,0.0
PowerBrand Fsgc wkrętarka,PowerBrand – ElectroStore – Search Website,2.0,0.0,0.0,0.0
PowerBrand Fsz akumulatorowa,(ai-assistant),2.0,0.0,0.0,0.0
PowerBrand Pilarka łańcuchowa 3,(referral),2.0,0.0,0.0,0.0
PowerBrand Pilarka łańcuchowa 3,PowerBrand – ElectroStore – Search Website,2.0,0.0,0.0,0.0
PowerBrand Akumulatorowa smarownica 2,(organic),2.0,0.0,0.0,0.0
PowerBrand Urządzenie rozruchowe,PowerBrand – ElectroStore – Search Website,2.0,0.0,0.0,0.0
PowerBrand Klucz udarowy 11,(direct),2.0,0.0,0.0,0.0
PowerBrand Klucz udarowy 7,(organic),2.0,0.0,0.0,0.0
PowerBrand Klucz udarowy 3,(direct),2.0,0.0,0.0,0.0
PowerBrand Onefhp młotowiertarka,PowerBrand – ElectroStore – Search Website,2.0,0.0,0.0,0.0
PowerBrand Zakrętarka udarowa,(direct),2.0,0.0,0.0,0.0
PowerBrand Wiertarko wkrętarka 3,(not set),2.0,0.0,0.0,0.0
PowerBrand Lampa zaciskiem,PowerBrand – ElectroStore – Search Website,2.0,0.0,0.0,0.0
PowerBrand Szybka ładowarka,(referral),2.0,0.0,0.0,0.0
PowerBrand Radio głośnik,(organic),2.0,0.0,0.0,0.0
PowerBrand Wiertarko wkrętarka 8,PowerBrand – ElectroStore – Search Website,2.0,0.0,0.0,0.0
PowerBrand Mcs piła,(organic),2.0,1.0,0.0,0.0
PowerBrand Akumulatorowa przecinarka,(organic),2.0,0.0,0.0,0.0
PowerBrand Wiertarka udarowa,PowerBrand – ElectroStore – Search Website,2.0,0.0,0.0,0.0
PowerBrand Performance baseball,PowerBrand – ElectroStore – Search Website,2.0,1.0,1.0,100.089999
PowerBrand Performance baseball 2,(direct),2.0,0.0,0.0,0.0
PowerBrand Szlifierka kątowa 13,(organic),2.0,0.0,0.0,0.0
PowerBrand Wysokie buty,(referral),2.0,0.0,0.0,0.0
PowerBrand Wysokie buty,PowerBrand-Shopping,2.0,0.0,0.0,0.0
PowerBrand Grzechotka wysokoobrotowa,PowerBrand – ElectroStore – Search Website,2.0,0.0,0.0,0.0
PowerBrand Grzechotka udarowa,(referral),2.0,0.0,0.0,0.0
PowerBrand Młot wiercąco 4,PowerBrand – ElectroStore – Search Website,2.0,0.0,0.0,0.0
PowerBrand Młotek bezodrzutowy,PowerBrand-Shopping,2.0,0.0,0.0,0.0
PowerBrand Młotowiertarka fhx,(organic),2.0,0.0,0.0,0.0
PowerBrand Młotowiertarka sds 7,(not set),2.0,1.0,0.0,0.0
PowerBrand Młotowiertarka sds 8,(direct),2.0,0.0,0.0,0.0
PowerBrand Młotowiertarka akumulatorowa,(organic),2.0,0.0,0.0,0.0
PowerBrand Nasadka długa,(organic),2.0,0.0,0.0,0.0
PowerBrand Nasadka krótka,PowerBrand-Shopping,2.0,0.0,0.0,0.0
PowerBrand Nasadka udarowa 16,PowerBrand-Shopping,2.0,0.0,0.0,0.0
PowerBrand Nasadka udarowa 17,PowerBrand-Shopping,2.0,0.0,0.0,0.0
PowerBrand Nasadka udarowa 18,PowerBrand-Shopping,2.0,0.0,0.0,0.0
PowerBrand Nasadka udarowa 19,PowerBrand-Shopping,2.0,0.0,0.0,0.0
PowerBrand Nasadka udarowa 20,PowerBrand-Shopping,2.0,0.0,0.0,0.0
PowerBrand Nożyce blachy 2,PowerBrand-Shopping,2.0,0.0,0.0,0.0
PowerBrand Nożyczki dla,PowerBrand-Shopping,2.0,0.0,0.0,0.0
PowerBrand Nóż nożyk 2,(not set),2.0,1.0,1.0,28.130002
PowerBrand Nóż nożyk 3,(organic),2.0,0.0,0.0,0.0
PowerBrand Nóż składany 4,PowerBrand – ElectroStore – Search Website,2.0,0.0,0.0,0.0
PowerBrand Nóż składany 5,(referral),2.0,0.0,0.0,0.0
PowerBrand Odkurzacz akumulatorowy,(organic),2.0,0.0,0.0,0.0
PowerBrand Odkurzacz przemysłowy,(not set),2.0,0.0,0.0,0.0
PowerBrand Odkurzacz przemysłowy,(organic),2.0,0.0,0.0,0.0
PowerBrand Odkurzacz przemysłowy,(referral),2.0,0.0,0.0,0.0
PowerBrand Okulary ochronne 14,PowerBrand-Shopping,2.0,1.0,2.0,332.720003
PowerBrand Okulary ochronne 15,PowerBrand-Shopping,2.0,0.0,0.0,0.0
PowerBrand Okulary ochronne 4,PowerBrand – ElectroStore – Search Website,2.0,0.0,0.0,0.0
PowerBrand Okulary ochronne 8,(organic),2.0,0.0,0.0,0.0
PowerBrand Organizer duży,PowerBrand – ElectroStore – Search Website,2.0,0.0,0.0,0.0
PowerBrand Organizer narzędziowy,PowerBrand – ElectroStore – Search Website,2.0,0.0,0.0,0.0
DiamondTools Osłona odsysająca,(organic),2.0,0.0,0.0,0.0
PowerBrand Otwornica kobaltowa,(cross-network),2.0,0.0,0.0,0.0
PowerBrand Otwornica bimetalowa 2,(referral),2.0,0.0,0.0,0.0
PowerBrand Otwornica bimetalowa 4,(cross-network),2.0,0.0,0.0,0.0
PowerBrand Otwornica bimetalowa,(cross-network),2.0,0.0,0.0,0.0
PowerBrand Otwornica bimetalowa 38,PowerBrand-Shopping,2.0,0.0,0.0,0.0
PowerBrand Otwornica bimetalowa 39,PowerBrand-Shopping,2.0,0.0,0.0,0.0
PowerBrand Otwornica bimetalowa 40,PowerBrand-Shopping,2.0,0.0,0.0,0.0
PowerBrand Otwornica bimetalowa 41,PowerBrand-Shopping,2.0,0.0,0.0,0.0
PowerBrand Otwornica bimetalowa 42,PowerBrand-Shopping,2.0,0.0,0.0,0.0
PowerBrand Otwornica węglikiem 12,PowerBrand – ElectroStore – Search Website,2.0,0.0,0.0,0.0
PowerBrand Otwornica węglikiem 3,(organic),2.0,0.0,0.0,0.0
PowerBrand Otwornica węglikiem 15,(organic),2.0,0.0,0.0,0.0
PowerBrand Otwornica zębami 2,PowerBrand – ElectroStore – Search Website,2.0,0.0,0.0,0.0
PowerBrand Otwornica zębami 4,PowerBrand – ElectroStore – Search Website,2.0,0.0,0.0,0.0
PowerBrand Plecak 2,PowerBrand – ElectroStore – Search Website,2.0,0.0,0.0,0.0
PowerBrand Pobijak,PowerBrand-Shopping,2.0,0.0,0.0,0.0
PowerBrand Poziomica redstick 4,PowerBrand-Shopping,2.0,0.0,0.0,0.0
PowerBrand Poziomica slim 6,(organic),2.0,0.0,0.0,0.0
PowerBrand Poziomica slim 6,PowerBrand – ElectroStore – Search Website,2.0,0.0,0.0,0.0
PowerBrand Poziomica slim 4,PowerBrand – ElectroStore – Search Website,2.0,1.0,0.0,0.0
PowerBrand Poziomica slim 7,PowerBrand-Shopping,2.0,0.0,0.0,0.0
PowerBrand Poziomica elektroniczna,(cross-network),2.0,0.0,0.0,0.0
PowerBrand Poziomica elektroniczna,(organic),2.0,0.0,0.0,0.0
PowerBrand Poziomica magnetyczna,(cross-network),2.0,0.0,0.0,0.0
PowerBrand Poziomica teleskopowa,PowerBrand – ElectroStore – Search Website,2.0,0.0,0.0,0.0
PowerBrand Proxxon wiertarko,(direct),2.0,0.0,0.0,0.0
PowerBrand Proxxon wiertarko,(referral),2.0,0.0,0.0,0.0
PowerBrand Proxxon wiertarko,PMax | DiamondTools | Sprzedaż | Polska,2.0,0.0,0.0,0.0
PowerBrand Proxxon szlifierka 2,(organic),2.0,0.0,0.0,0.0
PowerBrand Proxxon szlifierka 2,PowerBrand – ElectroStore – Search Website,2.0,0.0,0.0,0.0
PowerBrand Proxxon szlifierka,(direct),2.0,0.0,0.0,0.0
PowerBrand Redukcja hex,PowerBrand-Shopping,2.0,0.0,0.0,0.0
PowerBrand Rękawice chemoodporne,(cross-network),2.0,0.0,0.0,0.0
PowerBrand Rękawice zastosowń 3,PowerBrand-Shopping,2.0,0.0,0.0,0.0
PowerBrand Rękawice podwyższonym 2,PowerBrand-Shopping,2.0,0.0,0.0,0.0
PowerBrand Rękawice ochronne 5,PowerBrand-Shopping,2.0,0.0,0.0,0.0
PowerBrand Rękawice odporne 9,(cross-network),2.0,0.0,0.0,0.0
PowerBrand Rękawice odporne 5,(organic),2.0,18.0,5.0,69.450001
PowerBrand Rękawice odporne 16,(cross-network),2.0,0.0,0.0,0.0
PowerBrand Rękawice odporne 7,(direct),2.0,2.0,0.0,0.0
PowerBrand Rękawice odporne 4,(cross-network),2.0,0.0,0.0,0.0
PowerBrand Rękawice odporne 4,(organic),2.0,0.0,0.0,0.0
PowerBrand Rękawice odporne 19,PowerBrand-Shopping,2.0,0.0,0.0,0.0
PowerBrand Rękawice robocze 2,PowerBrand-Shopping,2.0,0.0,0.0,0.0
PowerBrand Rękawice skórzane 3,(cross-network),2.0,0.0,0.0,0.0
PowerBrand Rękawice skórzane 7,(organic),2.0,0.0,0.0,0.0
PowerBrand Rękawice skórzane 4,(direct),2.0,0.0,0.0,0.0
PowerBrand Rękawice zimowe 3,PowerBrand-Shopping,2.0,0.0,0.0,0.0
PowerBrand Spodnie robocze 3,PowerBrand – ElectroStore – Search Website,2.0,0.0,0.0,0.0
PowerBrand Sekator teleskopowy,(organic),2.0,1.0,1.0,2470.0
PowerBrand Skoczek akumulatorowa,(organic),2.0,0.0,0.0,0.0
PowerBrand Skoczek akumulatorowa,PowerBrand-Shopping,2.0,0.0,0.0,0.0
PowerBrand Skrzynia szufladami 2,(cross-network),2.0,0.0,0.0,0.0
PowerBrand Skrzynia narzędziowa,(cross-network),2.0,0.0,0.0,0.0
PowerBrand Smarownica akumulatorowa,(direct),2.0,0.0,0.0,0.0
PowerBrand Szafka,PowerBrand – ElectroStore – Search Website,2.0,0.0,0.0,0.0
PowerBrand Szczypce czołowe,PowerBrand-Shopping,2.0,0.0,0.0,0.0
PowerBrand Szczypce cięcia,PowerBrand – ElectroStore – Search Website,2.0,1.0,0.0,0.0
PowerBrand Szczypce długie,PowerBrand-Shopping,2.0,0.0,0.0,0.0
PowerBrand Szczypce nastawne 3,(cross-network),2.0,0.0,0.0,0.0
PowerBrand Szczypce zaciskowe 2,PowerBrand-Shopping,2.0,0.0,0.0,0.0
PowerBrand Szczypce łańcuchowe,PowerBrand – ElectroStore – Search Website,2.0,0.0,0.0,0.0
PowerBrand Szlifierka kątowa 19,PowerBrand – ElectroStore – Search Website,2.0,0.0,0.0,0.0
PowerBrand Szlifierka kątowa 18,(direct),2.0,0.0,0.0,0.0
PowerBrand Toolguard wózek,(direct),2.0,0.0,0.0,0.0
PowerBrand Toolguard wózek,(not set),2.0,0.0,0.0,0.0
PowerBrand Toolguard wózek,(organic),2.0,0.0,0.0,0.0
PowerBrand Toolguard wózek,PowerBrand-Shopping,2.0,0.0,0.0,0.0
PowerBrand Impact bit 4,(referral),2.0,2.0,1.0,41.930001
PowerBrand Impact bit,(cross-network),2.0,0.0,0.0,0.0
PowerBrand Impact bit,(referral),2.0,1.0,1.0,41.920002
PowerBrand Impact bit 2,(cross-network),2.0,0.0,0.0,0.0
PowerBrand Impact bit 2,(organic),2.0,0.0,0.0,0.0
DiamondTools Tarcza diamentowa 3,(cross-network),2.0,0.0,0.0,0.0
DiamondTools Tarcza diamentowa 3,(direct),2.0,0.0,0.0,0.0
DiamondTools Tarcza diamentowa 3,(organic),2.0,0.0,0.0,0.0
DiamondTools Tarcza diamentowa 3,PowerBrand-Shopping,2.0,0.0,0.0,0.0
DiamondTools Tarcza diamentowa,(direct),2.0,2.0,0.0,0.0
PowerBrand Tarcza diamentowa 2,(cross-network),2.0,0.0,0.0,0.0
PowerBrand Tarcza listkowe,(organic),2.0,0.0,0.0,0.0
PowerBrand Tarcza listkowe 2,PowerBrand-Shopping,2.0,0.0,0.0,0.0
PowerBrand Tarcza pilarska 23,PowerBrand-Shopping,2.0,0.0,0.0,0.0
PowerBrand Tarcza pilarska 9,(organic),2.0,0.0,0.0,0.0
PowerBrand Tarcza pilarska 24,(organic),2.0,0.0,0.0,0.0
PowerBrand Tarcza pilarska 12,(organic),2.0,0.0,0.0,0.0
PowerBrand Tarcza pilarska 8,(not set),2.0,0.0,0.0,0.0
PowerBrand Tarcza pilarska 8,(organic),2.0,0.0,0.0,0.0
PowerBrand Tarcza pilarska 25,PowerBrand-Shopping,2.0,0.0,0.0,0.0
PowerBrand Tarcza pilarska 26,PowerBrand-Shopping,2.0,0.0,0.0,0.0
PowerBrand Tarcza tnąca,(organic),2.0,0.0,0.0,0.0
PowerBrand Tarcza nasypem,PowerBrand-Shopping,2.0,0.0,0.0,0.0
PowerBrand Tarcza ścierna,PowerBrand-Shopping,2.0,0.0,0.0,0.0
PowerBrand Taśma miernicza 2,(organic),2.0,0.0,1.0,54.000001
PowerBrand Torba 2,(organic),2.0,0.0,0.0,0.0
PowerBrand Torba termiczna,PowerBrand-Shopping,2.0,0.0,0.0,0.0
PowerBrand Udarowe piła 2,PowerBrand-Shopping,2.0,0.0,0.0,0.0
PowerBrand Walizka box,PowerBrand – ElectroStore – Search Website,2.0,0.0,0.0,0.0
PowerBrand Wiertarko wkrętarka 2,aku,2.0,0.0,0.0,0.0
PowerBrand Wiertło metalu,PowerBrand – ElectroStore – Search Website,2.0,0.0,0.0,0.0
PowerBrand Wiertło metalu 2,PowerBrand – ElectroStore – Search Website,2.0,0.0,0.0,0.0
PowerBrand Wiertło metalu 3,(organic),2.0,0.0,0.0,0.0
PowerBrand Wiertło sds,(organic),2.0,0.0,0.0,0.0
PowerBrand Wiertło sds 2,PowerBrand – ElectroStore – Search Website,2.0,2.0,1.0,593.36
PowerBrand Wiertło sds 3,PowerBrand-Shopping,2.0,0.0,0.0,0.0
PowerBrand Wiertło sds 4,PowerBrand-Shopping,2.0,0.0,0.0,0.0
PowerBrand Wiertło płytek 6,(organic),2.0,1.0,0.0,0.0
PowerBrand Wiertło piórowe 2,PowerBrand-Shopping,2.0,0.0,0.0,0.0
PowerBrand Wiertło szalunkowe 6,PowerBrand-Shopping,2.0,0.0,0.0,0.0
PowerBrand Wiertło uniwersalne 8,PowerBrand-Shopping,2.0,0.0,0.0,0.0
PowerBrand Wiertło uniwersalne 4,(cross-network),2.0,0.0,0.0,0.0
PowerBrand Wkrętak izolowany 2,PowerBrand – ElectroStore – Search Website,2.0,0.0,0.0,0.0
PowerBrand Wkrętak krzyżowy 6,PowerBrand-Shopping,2.0,0.0,0.0,0.0
PowerBrand Wkrętak krzyżowy 7,PowerBrand-Shopping,2.0,0.0,0.0,0.0
PowerBrand Wkrętaki izolowane 2,(organic),2.0,1.0,0.0,0.0
PowerBrand Wkładka piankowa 4,PowerBrand – ElectroStore – Search Website,2.0,0.0,0.0,0.0
PowerBrand Wkładka piankowa,PowerBrand – ElectroStore – Search Website,2.0,0.0,0.0,0.0
PowerBrand Zatyczki uszu,PowerBrand – ElectroStore – Search Website,2.0,0.0,0.0,0.0
PowerBrand Zestaw bitów 9,PowerBrand-Shopping,2.0,0.0,0.0,0.0
PowerBrand Zestaw bitów 4,(organic),2.0,0.0,0.0,0.0
PowerBrand Zestaw bitów 5,PowerBrand – ElectroStore – Search Website,2.0,0.0,0.0,0.0
PowerBrand Zestaw bitów 2,(cross-network),2.0,0.0,0.0,0.0
PowerBrand Zestaw bitów 2,PowerBrand – ElectroStore – Search Website,2.0,0.0,0.0,0.0
PowerBrand Zestaw bitów 7,(organic),2.0,0.0,0.0,0.0
PowerBrand Zestaw bitów 7,PowerBrand-Shopping,2.0,0.0,0.0,0.0
PowerBrand Zestaw fazowników,PowerBrand-Shopping,2.0,0.0,0.0,0.0
PowerBrand Zestaw kluczy 4,PowerBrand – ElectroStore – Search Website,2.0,0.0,0.0,0.0
PowerBrand Zestaw miara,(referral),2.0,0.0,0.0,0.0
PowerBrand Zestaw miara,PowerBrand-Shopping,2.0,0.0,0.0,0.0
PowerBrand Zestaw narzędziowy,(referral),2.0,0.0,0.0,0.0
PowerBrand Zestaw nasadek 3,PowerBrand-Shopping,2.0,0.0,0.0,0.0
PowerBrand Zestaw otwornic,PowerBrand – ElectroStore – Search Website,2.0,0.0,0.0,0.0
PowerBrand Zestaw otwornic 5,(organic),2.0,0.0,0.0,0.0
PowerBrand Zestaw wierteł 2,(organic),2.0,0.0,0.0,0.0
PowerBrand Zestaw wierteł 2,(referral),2.0,0.0,0.0,0.0
PowerBrand Zestaw wierteł 5,(cross-network),2.0,0.0,0.0,0.0
PowerBrand Zestaw wierteł 5,PowerBrand – ElectroStore – Search Website,2.0,0.0,0.0,0.0
PowerBrand Zestaw wierteł 3,(referral),2.0,0.0,0.0,0.0
PowerBrand Zestaw wkrętaków 4,PowerBrand – ElectroStore – Search Website,2.0,1.0,0.0,0.0
PowerBrand Zestaw wkrętaków 4,PowerBrand-Shopping,2.0,0.0,0.0,0.0
PowerBrand Zestaw wkrętaków 5,PowerBrand – ElectroStore – Search Website,2.0,0.0,0.0,0.0
PowerBrand Zestaw wkrętaków 6,PowerBrand-Shopping,2.0,0.0,0.0,0.0
PowerBrand Zestawy bitów 2,PowerBrand – ElectroStore – Search Website,2.0,0.0,0.0,0.0
PowerBrand Zestawy bitów 3,PowerBrand – ElectroStore – Search Website,2.0,0.0,0.0,0.0
PowerBrand Zestawy ostrzy,(not set),2.0,1.0,0.0,0.0
PowerBrand Zestawy ostrzy,PowerBrand – ElectroStore – Search Website,2.0,0.0,0.0,0.0
PowerBrand Zielony laser,PowerBrand-Shopping,2.0,0.0,0.0,0.0
PowerBrand Kosiarka akumulatorowa,(referral),2.0,0.0,0.0,0.0
PowerBrand Nóż składany 3,PowerBrand – ElectroStore – Search Website,2.0,1.0,1.0,92.700001
PowerBrand Łańcuch foph,(organic),2.0,0.0,0.0,0.0
PowerBrand Ściagacz izolacji,(organic),2.0,1.0,0.0,0.0
PowerBrand Młotowiertarka sds 3,(not set),1.0,0.0,0.0,0.0
PowerBrand Wyrzynarka fjs,PowerBrand – ElectroStore – Search Website,1.0,0.0,0.0,0.0
PowerBrand Wyrzynarka fjs,PMax | DiamondTools | Sprzedaż | Polska,1.0,0.0,0.0,0.0
PowerBrand Pistolet klejenia 2,PowerBrand – ElectroStore – Search Website,1.0,0.0,0.0,0.0
PowerBrand Adapter walizek,(referral),1.0,0.0,0.0,0.0
PowerBrand Adapter walizek,PowerBrand – ElectroStore – Search Website,1.0,0.0,0.0,0.0
PowerBrand Adapter udarowy 2,PowerBrand-Shopping,1.0,0.0,0.0,0.0
PowerBrand Adaptery nasadek,(referral),1.0,1.0,0.0,0.0
PowerBrand Agregat prądotwórczy,(direct),1.0,0.0,0.0,0.0
PowerBrand Agregat prądotwórczy,(organic),1.0,0.0,0.0,0.0
PowerBrand Akcesoria otwornic,(cross-network),1.0,0.0,0.0,0.0
PowerBrand Akcesoria otwornic,PowerBrand – ElectroStore – Search Website,1.0,0.0,0.0,0.0
PowerBrand Akumulator forge,Shopping Free Listings,1.0,0.0,0.0,0.0
PowerBrand Akumulator redlithium,(not set),1.0,0.0,0.0,0.0
PowerBrand Akumulatorowa pilarka,(not set),1.0,0.0,0.0,0.0
PowerBrand Akumulatorowa pilarka 2,(referral),1.0,0.0,0.0,0.0
PowerBrand Akumulatorowy odkurzacz 2,(referral),1.0,0.0,0.0,0.0
PowerBrand Akumulatorowy odkurzacz 2,PowerBrand – ElectroStore – Search Website,1.0,0.0,0.0,0.0
PowerBrand Alkaliczna latarka,PowerBrand-Shopping,1.0,0.0,0.0,0.0
PowerBrand Alkaliczna latarka 2,PowerBrand – ElectroStore – Search Website,1.0,0.0,0.0,0.0
PowerBrand Bit udarowy,(organic),1.0,0.0,0.0,0.0
PowerBrand Bit udarowy 5,(organic),1.0,0.0,0.0,0.0
PowerBrand Bit udarowy 5,PowerBrand – ElectroStore – Search Website,1.0,26.0,0.0,0.0
PowerBrand Bit udarowy 3,(organic),1.0,0.0,0.0,0.0
PowerBrand Bit udarowy 6,PowerBrand-Shopping,1.0,0.0,0.0,0.0
PowerBrand Bity udarowe 4,(cross-network),1.0,0.0,0.0,0.0
PowerBrand Bity udarowe 26,PowerBrand-Shopping,1.0,0.0,0.0,0.0
PowerBrand Bity udarowe 30,PowerBrand-Shopping,1.0,0.0,0.0,0.0
PowerBrand Bity udarowe 2,(organic),1.0,0.0,0.0,0.0
PowerBrand Bity udarowe 31,PowerBrand-Shopping,1.0,0.0,0.0,0.0
PowerBrand Bity udarowe 32,PowerBrand-Shopping,1.0,0.0,0.0,0.0
PowerBrand Bity udarowe 33,PowerBrand-Shopping,1.0,0.0,0.0,0.0
PowerBrand Bity udarowe 34,PowerBrand-Shopping,1.0,1.0,0.0,0.0
PowerBrand Bity udarowe 23,PowerBrand – ElectroStore – Search Website,1.0,0.0,0.0,0.0
PowerBrand Bity udarowe 27,PowerBrand – ElectroStore – Search Website,1.0,0.0,0.0,0.0
PowerBrand Bity udarowe 13,(cross-network),1.0,0.0,0.0,0.0
PowerBrand Bity udarowe 35,PowerBrand-Shopping,1.0,0.0,0.0,0.0
PowerBrand Bity udarowe 14,(cross-network),1.0,0.0,0.0,0.0
PowerBrand Bity udarowe 18,(organic),1.0,0.0,0.0,0.0
PowerBrand Bity udarowe 3,(cross-network),1.0,0.0,0.0,0.0
PowerBrand Bity udarowe 3,(organic),1.0,0.0,0.0,0.0
PowerBrand Bluza podgrzewana,PowerBrand – ElectroStore – Search Website,1.0,0.0,0.0,0.0
PowerBrand Bluza kapturem 2,PowerBrand-Shopping,1.0,0.0,0.0,0.0
PowerBrand Bluza kapturem,(organic),1.0,0.0,0.0,0.0
PowerBrand Bluza kapturem 3,PowerBrand-Shopping,1.0,0.0,0.0,0.0
PowerBrand Bluza kapturem 4,(cross-network),1.0,0.0,0.0,0.0
PowerBrand Brzeszczot węglikiem,(not set),1.0,0.0,0.0,0.0
PowerBrand Brzeszczot węglikiem 2,PowerBrand – ElectroStore – Search Website,1.0,0.0,0.0,0.0
PowerBrand Brzeszczot drewna,(referral),1.0,0.0,0.0,0.0
PowerBrand Brzeszczot drewna 4,PowerBrand – ElectroStore – Search Website,1.0,0.0,0.0,0.0
PowerBrand Brzeszczot drewna 4,PowerBrand-Shopping,1.0,0.0,0.0,0.0
PowerBrand Brzeszczot drewna 2,(organic),1.0,0.0,0.0,0.0
PowerBrand Brzeszczot drewna 5,PowerBrand – ElectroStore – Search Website,1.0,0.0,0.0,0.0
PowerBrand Brzeszczot metalu 4,PowerBrand-Shopping,1.0,0.0,0.0,0.0
PowerBrand Brzeszczot metalu 2,(direct),1.0,0.0,0.0,0.0
PowerBrand Brzeszczot metalu 2,(organic),1.0,0.0,0.0,0.0
PowerBrand Brzeszczot metalu 5,(cross-network),1.0,0.0,0.0,0.0
PowerBrand Brzeszczot metalu 6,(direct),1.0,0.0,0.0,0.0
PowerBrand Brzeszczot blaty 2,PowerBrand-Shopping,1.0,0.0,0.0,0.0
PowerBrand Brzeszczot materiał,PowerBrand-Shopping,1.0,0.0,0.0,0.0
PowerBrand Brzeszczot metalu 7,(referral),1.0,0.0,0.0,0.0
PowerBrand Brzeszczot metalu 8,(referral),1.0,0.0,0.0,0.0
PowerBrand Brzeszczot metalu 9,PowerBrand-Shopping,1.0,0.0,0.0,0.0
PowerBrand Brzeszczot multitoola,(organic),1.0,0.0,0.0,0.0
PowerBrand Brzeszczot multitoola 2,(organic),1.0,0.0,0.0,0.0
PowerBrand Brzeszczot multitoola 3,PowerBrand-Shopping,1.0,0.0,0.0,0.0
PowerBrand Brzeszczot multitoola 4,(cross-network),1.0,0.0,0.0,0.0
PowerBrand Brzeszczot parkiety,(organic),1.0,0.0,0.0,0.0
PowerBrand Brzeszczot wyrzynarki 5,(not set),1.0,0.0,0.0,0.0
PowerBrand Brzeszczot wyrzynarki 5,Shopping Free Listings,1.0,0.0,0.0,0.0
PowerBrand Brzeszczot wyrzynarki 13,PowerBrand-Shopping,1.0,0.0,0.0,0.0
PowerBrand Brzeszczot wyrzynarki,Shopping Free Listings,1.0,0.0,0.0,0.0
PowerBrand Brzeszczot wyrzynarki 2,(organic),1.0,0.0,0.0,0.0
PowerBrand Brzeszczot wyrzynarki 3,(not set),1.0,0.0,0.0,0.0
PowerBrand Brzeszczot wyrzynarki 12,(referral),1.0,1.0,0.0,0.0
PowerBrand Brzeszczot wyrzynarki 6,(cross-network),1.0,0.0,0.0,0.0
PowerBrand Brzeszczot wyrzynarki 14,PowerBrand-Shopping,1.0,0.0,0.0,0.0
PowerBrand Brzeszczot wyrzynarki 15,PowerBrand-Shopping,1.0,0.0,0.0,0.0
PowerBrand Brzeszczot uniwersalny 2,PowerBrand – ElectroStore – Search Website,1.0,0.0,0.0,0.0
PowerBrand Brzeszczoty hackzall,PowerBrand-Shopping,1.0,0.0,0.0,0.0
PowerBrand Butelka termiczna 2,(not set),1.0,0.0,0.0,0.0
PowerBrand Butelka termiczna 4,(referral),1.0,0.0,0.0,0.0
PowerBrand Buty robocze,Shopping Free Listings,1.0,0.0,0.0,0.0
PowerBrand Buty robocze 10,(cross-network),1.0,0.0,0.0,0.0
PowerBrand Buty robocze 12,PowerBrand – ElectroStore – Search Website,1.0,0.0,0.0,0.0
PowerBrand Buty robocze 7,(referral),1.0,1.0,1.0,371.45
PowerBrand Buty robocze 4,(organic),1.0,0.0,0.0,0.0
PowerBrand Buty robocze 2,(direct),1.0,1.0,1.0,345.470002
PowerBrand Buty robocze 8,PowerBrand – ElectroStore – Search Website,1.0,0.0,0.0,0.0
PowerBrand Buty robocze 29,PowerBrand-Shopping,1.0,0.0,0.0,0.0
PowerBrand Buty robocze 20,(organic),1.0,0.0,0.0,0.0
PowerBrand Buty robocze 30,PowerBrand-Shopping,1.0,0.0,0.0,0.0
PowerBrand Buty robocze 23,(cross-network),1.0,0.0,0.0,0.0
PowerBrand Buty robocze 31,PowerBrand-Shopping,1.0,0.0,0.0,0.0
PowerBrand Buty robocze 9,(cross-network),1.0,0.0,0.0,0.0
PowerBrand Buty robocze 32,PowerBrand-Shopping,1.0,0.0,0.0,0.0
PowerBrand Buty robocze 11,(direct),1.0,0.0,0.0,0.0
PowerBrand Buty robocze 11,(organic),1.0,1.0,0.0,0.0
PowerBrand Buty robocze 11,(referral),1.0,0.0,0.0,0.0
PowerBrand Buty robocze 13,(referral),1.0,0.0,0.0,0.0
PowerBrand Buty robocze 33,PowerBrand-Shopping,1.0,0.0,0.0,0.0
PowerBrand Buty robocze 34,(cross-network),1.0,0.0,0.0,0.0
PowerBrand Buty robocze 34,PowerBrand-Shopping,1.0,0.0,0.0,0.0
PowerBrand Buty robocze 35,PowerBrand-Shopping,1.0,0.0,0.0,0.0
PowerBrand Buty robocze 36,PowerBrand-Shopping,1.0,0.0,0.0,0.0
PowerBrand Buty robocze 37,(organic),1.0,1.0,0.0,0.0
PowerBrand Buty robocze 38,(cross-network),1.0,0.0,0.0,0.0
PowerBrand Buty robocze 38,(organic),1.0,0.0,0.0,0.0
PowerBrand Buty robocze 38,PowerBrand – ElectroStore – Search Website,1.0,1.0,0.0,0.0
PowerBrand Buty robocze 38,PowerBrand-Shopping,1.0,0.0,0.0,0.0
PowerBrand Buty robocze 28,PowerBrand – ElectroStore – Search Website,1.0,1.0,0.0,0.0
PowerBrand Buty robocze 25,(cross-network),1.0,0.0,0.0,0.0
PowerBrand Buty robocze 19,(referral),1.0,0.0,0.0,0.0
PowerBrand Buty robocze 39,(cross-network),1.0,0.0,0.0,0.0
PowerBrand Buty robocze 39,(not set),1.0,0.0,0.0,0.0
PowerBrand Buty robocze 39,PowerBrand-Shopping,1.0,0.0,0.0,0.0
PowerBrand Cienkie markery,(organic),1.0,0.0,0.0,0.0
PowerBrand Czapka daszkiem 2,PowerBrand – ElectroStore – Search Website,1.0,0.0,0.0,0.0
PowerBrand Czapka daszkiem 3,(direct),1.0,0.0,0.0,0.0
PowerBrand Dcwu,PowerBrand-Shopping,1.0,0.0,0.0,0.0
DiamondTools Ceraforce tarcza,(cross-network),1.0,0.0,0.0,0.0
DiamondTools Ceraforce tarcza,(direct),1.0,0.0,0.0,0.0
DiamondTools Ceraforce tarcza,(organic),1.0,0.0,0.0,0.0
DiamondTools Ceraforce tarcza,PowerBrand-Shopping,1.0,0.0,0.0,0.0
DiamondTools Ceraforce tarcza,PMax | DiamondTools | Sprzedaż | Polska,1.0,0.0,0.0,0.0
DiamondTools Galaxy tarcza,(organic),1.0,4.0,0.0,0.0
DiamondTools Box torba,(direct),1.0,0.0,0.0,0.0
DiamondTools Centrator prowadnica,(organic),1.0,0.0,0.0,0.0
DiamondTools Centrator prowadnica,PMax | DiamondTools | Sprzedaż | Polska,1.0,0.0,0.0,0.0
DiamondTools Cleaner ultracienka,(organic),1.0,0.0,0.0,0.0
DiamondTools Coolpad,,,,,
DiamondTools Coolpad,,,,,
DiamondTools Cordset zestaw,(organic),1.0,1.0,0.0,0.0
DiamondTools Cordset zestaw,(referral),1.0,0.0,1.0,191.84
DiamondTools Dds wiertło 8,(organic),1.0,0.0,0.0,0.0
DiamondTools Dds wiertło 8,PMax | DiamondTools | Sprzedaż | Polska,1.0,0.0,0.0,0.0
DiamondTools Dds unc,(not set),1.0,0.0,0.0,0.0
DiamondTools Dds wiertło 4,(direct),1.0,0.0,0.0,0.0
DiamondTools Dds wiertło 5,PowerBrand – ElectroStore – Search Website,1.0,0.0,0.0,0.0
DiamondTools Dds wiertło 6,(referral),1.0,0.0,0.0,0.0
DiamondTools Dds wiertło 3,(referral),1.0,0.0,0.0,0.0
DiamondTools Dds wiertło 3,PowerBrand-Shopping,1.0,0.0,0.0,0.0
DiamondTools Dds wiertło 12,PowerBrand-Shopping,1.0,0.0,0.0,0.0
DiamondTools Dds wiertło 10,PowerBrand-Shopping,1.0,0.0,0.0,0.0
DiamondTools Dds wiertło 13,PMax | DiamondTools | Sprzedaż | Polska,1.0,0.0,0.0,0.0
DiamondTools Dds wiertło 7,(referral),1.0,2.0,2.0,683.279996
DiamondTools Dds wiertło 7,PowerBrand – ElectroStore – Search Website,1.0,0.0,0.0,0.0
DiamondTools Dds wiertło 7,PMax | DiamondTools | Sprzedaż | Polska,1.0,0.0,0.0,0.0
DiamondTools Dds wiertło 11,(organic),1.0,0.0,0.0,0.0
DiamondTools Dds koronka,PowerBrand-Shopping,1.0,0.0,0.0,0.0
DiamondTools Dds dld,PowerBrand-Shopping,1.0,0.0,0.0,0.0
DiamondTools Dds korona,(organic),1.0,0.0,0.0,0.0
DiamondTools Dgm‑s nectar,(direct),1.0,1.0,0.0,0.0
DiamondTools Dgm‑s nectar,(organic),1.0,0.0,0.0,0.0
DiamondTools Dgm‑s nectar,(referral),1.0,0.0,0.0,0.0
DiamondTools Decor slim,(direct),1.0,2.0,1.0,86.920002
DiamondTools Diamentowa tarcza 2,(direct),1.0,0.0,0.0,0.0
DiamondTools Edge dry,(organic),1.0,0.0,0.0,0.0
DiamondTools Edge dry,(referral),1.0,0.0,0.0,0.0
DiamondTools Esthete ultracienka 2,(referral),1.0,0.0,0.0,0.0
DiamondTools Esthete ultracienka 2,PMax | DiamondTools | Sprzedaż | Polska,1.0,0.0,0.0,0.0
DiamondTools Esthete tarcza,(not set),1.0,0.0,0.0,0.0
DiamondTools Esthete tarcza,(organic),1.0,1.0,1.0,141.509999
DiamondTools Gres master,(direct),1.0,1.0,0.0,0.0
DiamondTools Gres master,(referral),1.0,0.0,0.0,0.0
DiamondTools Gres master 2,PowerBrand-Shopping,1.0,0.0,0.0,0.0
DiamondTools Green point,PMax | DiamondTools | Sprzedaż | Polska,1.0,0.0,0.0,0.0
DiamondTools Hard ceramics 5,PMax | DiamondTools | Sprzedaż | Polska,1.0,0.0,0.0,0.0
DiamondTools Hard ceramics 6,PMax | DiamondTools | Sprzedaż | Polska,1.0,0.0,0.0,0.0
DiamondTools Hard ceramics 2,PMax | DiamondTools | Sprzedaż | Polska,1.0,0.0,0.0,0.0
DiamondTools Hard ceramics 3,(cross-network),1.0,0.0,0.0,0.0
DiamondTools Hard ceramics 3,(referral),1.0,1.0,1.0,143.79
DiamondTools Mastercut tarcza,(direct),1.0,0.0,1.0,60.22
DiamondTools Mechanic abrasive,(cross-network),1.0,0.0,0.0,0.0
DiamondTools Mechanic abrasive,(direct),1.0,0.0,0.0,0.0
DiamondTools Mechanic air,(direct),1.0,0.0,0.0,0.0
DiamondTools Mechanic air,PowerBrand – ElectroStore – Search Website,1.0,0.0,0.0,0.0
DiamondTools Mechanic airchaser,(direct),1.0,0.0,0.0,0.0
DiamondTools Mechanic airchaser 2,(referral),1.0,0.0,0.0,0.0
DiamondTools Mechanic liner,(direct),1.0,0.0,0.0,0.0
DiamondTools Mechanic spray,(organic),1.0,1.0,0.0,0.0
DiamondTools Mechanic spray,PMax | DiamondTools | Sprzedaż | Polska,1.0,2.0,1.0,126.970001
DiamondTools Mechanic slider,(direct),1.0,0.0,0.0,0.0
DiamondTools Mechanic slider,(not set),1.0,0.0,0.0,0.0
DiamondTools Mechanic vortex,(direct),1.0,0.0,0.0,0.0
DiamondTools Mechanic vortex,(referral),1.0,0.0,0.0,0.0
DiamondTools Multigres tarcza 2,(direct),1.0,1.0,0.0,0.0
DiamondTools Multigres tarcza,(referral),1.0,1.0,0.0,0.0
DiamondTools Pipe rura,PMax | DiamondTools | Sprzedaż | Polska,1.0,0.0,0.0,0.0
DiamondTools Pro gres 2,(referral),1.0,0.0,0.0,0.0
DiamondTools Pro gres,(ai-assistant),1.0,0.0,0.0,0.0
DiamondTools Pro gres,(direct),1.0,0.0,1.0,107.169998
DiamondTools Przystawka drillduster,(organic),1.0,0.0,0.0,0.0
DiamondTools Przystawka drillduster,PMax | DiamondTools | Sprzedaż | Polska,1.0,0.0,0.0,0.0
DiamondTools Przystawka drillduster 2,(direct),1.0,1.0,0.0,0.0
DiamondTools Wiertło diamentowe,(referral),1.0,0.0,0.0,0.0
DiamondTools Wiertło diamentowe,PMax | DiamondTools | Sprzedaż | Polska,1.0,0.0,0.0,0.0
DiamondTools Otwornica sucha,(direct),1.0,0.0,0.0,0.0
DiamondTools Otwornica sucha,PowerBrand – ElectroStore – Search Website,1.0,0.0,0.0,0.0
DiamondTools Rapid tarcza,(not set),1.0,0.0,0.0,0.0
DiamondTools Rapid diamentowa,(cross-network),1.0,0.0,0.0,0.0
DiamondTools Rapid diamentowa,(organic),1.0,0.0,0.0,0.0
DiamondTools Rapid diamentowa,PowerBrand-Shopping,1.0,0.0,0.0,0.0
DiamondTools Shine wyjątkowo,PMax | DiamondTools | Sprzedaż | Polska,1.0,2.0,2.0,383.679998
DiamondTools Scalpel ultracienka,(cross-network),1.0,0.0,0.0,0.0
DiamondTools Tarcza diamentowa 5,(organic),1.0,1.0,0.0,0.0
DiamondTools Technic advanced,PMax | DiamondTools | Sprzedaż | Polska,1.0,0.0,0.0,0.0
PowerBrand Dłuto usuwania,(cross-network),1.0,0.0,0.0,0.0
PowerBrand Dłuto usuwania,(not set),1.0,0.0,0.0,0.0
PowerBrand Dłuto usuwania,(referral),1.0,0.0,0.0,0.0
PowerBrand Dłuto szpiczaste,(cross-network),1.0,0.0,0.0,0.0
PowerBrand Festool ctlc,(direct),1.0,0.0,0.0,0.0
PowerBrand Festool ctlc,(organic),1.0,0.0,0.0,0.0
PowerBrand Gogle ochronne,(organic),1.0,0.0,0.0,0.0
PowerBrand Grzechotka 2,PowerBrand-Shopping,1.0,0.0,0.0,0.0
PowerBrand Głośnik bluetooth 2,(referral),1.0,0.0,0.0,0.0
PowerBrand Głośnik bluetooth 2,PowerBrand – ElectroStore – Search Website,1.0,0.0,0.0,0.0
PowerBrand Hogert wielofunkcyjna,PowerBrand – ElectroStore – Search Website,1.0,0.0,0.0,0.0
PowerBrand Hełm bolt 3,PowerBrand – ElectroStore – Search Website,1.0,0.0,0.0,0.0
PowerBrand Hełm bolt 3,PowerBrand-Shopping,1.0,0.0,0.0,0.0
PowerBrand Hełm bolt 5,PowerBrand-Shopping,1.0,0.0,0.0,0.0
PowerBrand Hełm bolt 6,PowerBrand – ElectroStore – Search Website,1.0,1.0,0.0,0.0
PowerBrand Hełm bolt 7,(cross-network),1.0,0.0,0.0,0.0
PowerBrand Hełm bolt 7,PowerBrand-Shopping,1.0,0.0,0.0,0.0
PowerBrand Hełm ochronny 4,(referral),1.0,0.0,0.0,0.0
PowerBrand Hogert latarka 2,PowerBrand-Shopping,1.0,0.0,0.0,0.0
PowerBrand Hogert lampa,(direct),1.0,1.0,0.0,0.0
PowerBrand Hogert lampa,(organic),1.0,1.0,0.0,0.0
PowerBrand Hogert lampa 2,(direct),1.0,1.0,1.0,47.450001
PowerBrand Hogert lampa 2,(organic),1.0,2.0,0.0,0.0
PowerBrand Hogert naświetlacz,(cross-network),1.0,0.0,0.0,0.0
PowerBrand Hogert naświetlacz,(direct),1.0,0.0,0.0,0.0
PowerBrand Hogert naświetlacz,(not set),1.0,0.0,0.0,0.0
PowerBrand Hogert naświetlacz 2,(organic),1.0,0.0,0.0,0.0
PowerBrand Hogert zaciskarka,(organic),1.0,0.0,0.0,0.0
PowerBrand Hogert zaciskarka,PowerBrand-Shopping,1.0,0.0,0.0,0.0
PowerBrand Hogert szczypce,(organic),1.0,0.0,0.0,0.0
PowerBrand Hogert zestaw 3,(organic),1.0,0.0,0.0,0.0
PowerBrand Hogert zestaw 3,(referral),1.0,0.0,0.0,0.0
PowerBrand Hogert zestaw 4,(organic),1.0,0.0,0.0,0.0
PowerBrand Hogert zestaw 4,(referral),1.0,0.0,0.0,0.0
PowerBrand Hogert zestaw 4,aku,1.0,0.0,0.0,0.0
PowerBrand Hogert zestaw 5,PowerBrand-Shopping,1.0,0.0,0.0,0.0
PowerBrand Hogert zestaw 6,(direct),1.0,0.0,0.0,0.0
PowerBrand Hogert zestaw 6,(referral),1.0,0.0,0.0,0.0
PowerBrand Hogert akumulator,DiamondTools rabat,1.0,0.0,0.0,0.0
PowerBrand Hogert akumulator 2,(referral),1.0,0.0,0.0,0.0
PowerBrand Hogert uniwersalna,(direct),1.0,0.0,0.0,0.0
PowerBrand Hogert uniwersalna,PowerBrand – ElectroStore – Search Website,1.0,0.0,0.0,0.0
PowerBrand Hogert frez,PowerBrand-Shopping,1.0,0.0,0.0,0.0
PowerBrand Hogert tarcza,(direct),1.0,0.0,0.0,0.0
PowerBrand Hogert zestaw 7,(organic),1.0,0.0,0.0,0.0
PowerBrand Högert lampa,(direct),1.0,0.0,0.0,0.0
PowerBrand Högert lampa,PowerBrand – ElectroStore – Search Website,1.0,0.0,0.0,0.0
PowerBrand Inkzall cienkie,PowerBrand – ElectroStore – Search Website,1.0,1.0,1.0,32.539998
PowerBrand Inkzall cienkopisy 2,PowerBrand-Shopping,1.0,0.0,0.0,0.0
PowerBrand Inkzall olejowy 2,(cross-network),1.0,0.0,0.0,0.0
PowerBrand Inkzall olejowy 2,(organic),1.0,0.0,0.0,0.0
PowerBrand Inkzall olejowy,(organic),1.0,0.0,0.0,0.0
PowerBrand Klucz nastawny,(organic),1.0,0.0,0.0,0.0
PowerBrand Klucz nastawny,PowerBrand-Shopping,1.0,0.0,0.0,0.0
PowerBrand Klucz płasko,PowerBrand – ElectroStore – Search Website,1.0,0.0,0.0,0.0
PowerBrand Kombi gwintownik,(referral),1.0,0.0,0.0,0.0
PowerBrand Kompaktowa bezszczotkowa 8,PowerBrand-Shopping,1.0,0.0,0.0,0.0
PowerBrand Kompaktowa bezszczotkowa,(direct),1.0,0.0,0.0,0.0
PowerBrand Kompaktowa bezszczotkowa,aku,1.0,0.0,0.0,0.0
PowerBrand Kompaktowa bezszczotkowa 4,(direct),1.0,0.0,0.0,0.0
PowerBrand Kompaktowa piła,(direct),1.0,0.0,0.0,0.0
PowerBrand Kompaktowa płyta,PowerBrand – ElectroStore – Search Website,1.0,0.0,0.0,0.0
PowerBrand Kompaktowa zakrętarka,(direct),1.0,0.0,0.0,0.0
PowerBrand Kompaktowa zakrętarka,PowerBrand-Shopping,1.0,0.0,0.0,0.0
PowerBrand Kompaktowe klucze,PowerBrand-Shopping,1.0,0.0,0.0,0.0
PowerBrand Kompaktowy nożyk,PowerBrand – ElectroStore – Search Website,1.0,0.0,0.0,0.0
PowerBrand Kompaktowy nóż,PowerBrand – ElectroStore – Search Website,1.0,0.0,0.0,0.0
PowerBrand Koszulka hybrydowa,PowerBrand – ElectroStore – Search Website,1.0,0.0,0.0,0.0
PowerBrand Koszulka hybrydowa 2,PowerBrand – ElectroStore – Search Website,1.0,0.0,0.0,0.0
PowerBrand Krata,(direct),1.0,0.0,0.0,0.0
PowerBrand Kurtka podgrzewana 4,PowerBrand-Shopping,1.0,0.0,0.0,0.0
PowerBrand Kurtka podgrzewana 5,PowerBrand-Shopping,1.0,0.0,0.0,0.0
PowerBrand Kurtka podgrzewana 6,PowerBrand-Shopping,1.0,0.0,0.0,0.0
PowerBrand Lampa led,(organic),1.0,0.0,0.0,0.0
PowerBrand Lampa oświetlania 2,(organic),1.0,0.0,0.0,0.0
PowerBrand Lampa stojąca 3,(not set),1.0,0.0,0.0,0.0
PowerBrand Lampa strefowa,PowerBrand – ElectroStore – Search Website,1.0,0.0,0.0,0.0
PowerBrand Lampa warsztatowa,(organic),1.0,0.0,0.0,0.0
PowerBrand Laser zielony 3,(direct),1.0,0.0,0.0,0.0
PowerBrand Laser zielony 3,(not set),1.0,0.0,0.0,0.0
PowerBrand Laser zielony 3,(organic),1.0,0.0,0.0,0.0
PowerBrand Latarka led,(not set),1.0,0.0,0.0,0.0
PowerBrand Latarka akumulatorowa,(organic),1.0,0.0,0.0,0.0
PowerBrand Latarka akumulatorowa,PowerBrand – ElectroStore – Search Website,1.0,0.0,0.0,0.0
PowerBrand Latarka czołowa,(organic),1.0,0.0,0.0,0.0
PowerBrand Latarka dopasowując,PowerBrand – ElectroStore – Search Website,1.0,0.0,0.0,0.0
PowerBrand Latarka wbudowanym,PowerBrand – ElectroStore – Search Website,1.0,0.0,0.0,0.0
PowerBrand Lekka koszulka,PowerBrand – ElectroStore – Search Website,1.0,0.0,0.0,0.0
PowerBrand Lekka koszulka 2,PowerBrand – ElectroStore – Search Website,1.0,0.0,0.0,0.0
PowerBrand Lekka koszulka 3,(organic),1.0,0.0,0.0,0.0
PowerBrand Lekka koszulka 4,PowerBrand – ElectroStore – Search Website,1.0,0.0,0.0,0.0
PowerBrand Lekka koszulka 5,PowerBrand – ElectroStore – Search Website,1.0,0.0,0.0,0.0
PowerBrand Listwa łaty,PowerBrand – ElectroStore – Search Website,1.0,0.0,0.0,0.0
PowerBrand Lutownica akumulatorowa,(organic),1.0,0.0,0.0,0.0
PowerBrand Akumulator ion 2,(direct),1.0,0.0,0.0,0.0
PowerBrand Akumulator ion 2,(organic),1.0,0.0,0.0,0.0
PowerBrand Akumulator ion 3,(not set),1.0,2.0,0.0,0.0
PowerBrand Akumulator ion 3,(referral),1.0,2.0,0.0,0.0
PowerBrand Blddrc kompaktowa 2,(organic),1.0,0.0,0.0,0.0
PowerBrand Blidrc kompaktowa,(referral),1.0,0.0,0.0,0.0
PowerBrand Blp strug,DiamondTools rabat,1.0,0.0,0.0,0.0
PowerBrand Blrot bezszczotkowe,(organic),1.0,0.0,0.0,0.0
PowerBrand Kompaktowy klucz,(cross-network),1.0,0.0,0.0,0.0
PowerBrand Kompaktowy klucz,(not set),1.0,0.0,0.0,0.0
PowerBrand Nożyce blachy 3,(referral),1.0,0.0,0.0,0.0
PowerBrand Akumulatorowa szlifierka 3,(referral),1.0,0.0,0.0,0.0
PowerBrand Młotowiertarka sds 9,(organic),1.0,0.0,0.0,0.0
PowerBrand Młotowiertarka sds 9,(referral),1.0,0.0,0.0,0.0
PowerBrand Subkompaktowa szlifierka,(direct),1.0,0.0,0.0,0.0
PowerBrand Subkompaktowa szlifierka 2,(referral),1.0,0.0,0.0,0.0
PowerBrand Subkompaktowa wiertarko 7,(cross-network),1.0,0.0,0.0,0.0
PowerBrand Subkompaktowa wiertarko 2,(cross-network),1.0,0.0,0.0,0.0
PowerBrand Subkompaktowa wiertarko 2,(organic),1.0,2.0,0.0,0.0
PowerBrand Subkompaktowa wiertarko 2,(referral),1.0,0.0,0.0,0.0
PowerBrand Subkompaktowa wiertarko 5,(organic),1.0,0.0,0.0,0.0
PowerBrand Szlifierka trzpieniowa 2,PowerBrand – ElectroStore – Search Website,1.0,0.0,0.0,0.0
PowerBrand Trzpieniowa szlifierka,(organic),1.0,1.0,0.0,0.0
PowerBrand Trzpieniowa szlifierka,(referral),1.0,0.0,0.0,0.0
PowerBrand Trzpieniowa szlifierka,PowerBrand – ElectroStore – Search Website,1.0,0.0,0.0,0.0
PowerBrand Wyrzynarka fjs 2,PowerBrand – ElectroStore – Search Website,1.0,1.0,0.0,0.0
PowerBrand Pilnik taśmowy 2,(referral),1.0,0.0,0.0,0.0
PowerBrand Subkompaktowa wiertarko 3,(not set),1.0,0.0,0.0,0.0
PowerBrand Hpt subkompaktowa,PowerBrand-Shopping,1.0,0.0,0.0,0.0
PowerBrand One key,(referral),1.0,0.0,0.0,0.0
PowerBrand Onehpt subkompaktowa 2,PowerBrand – ElectroStore – Search Website,1.0,0.0,0.0,0.0
PowerBrand Onehpt subkompaktowa,(organic),1.0,0.0,0.0,0.0
PowerBrand Raptorxl obcinak,(referral),1.0,0.0,0.0,0.0
PowerBrand Posic kamera,PowerBrand – ElectroStore – Search Website,1.0,0.0,0.0,0.0
PowerBrand Subkompaktowa lutownica,(direct),1.0,0.0,0.0,0.0
PowerBrand Kamera inspekcyjna 2,PowerBrand – ElectroStore – Search Website,1.0,0.0,0.0,0.0
PowerBrand Laser zielony,(organic),1.0,0.0,0.0,0.0
PowerBrand Laser zielony,(referral),1.0,0.0,0.0,0.0
PowerBrand Laser zielony 4,PowerBrand – ElectroStore – Search Website,1.0,0.0,0.0,0.0
PowerBrand Subkompaktowy pistolet,(direct),1.0,0.0,0.0,0.0
PowerBrand Subkompaktowa biegowa,PowerBrand – ElectroStore – Search Website,1.0,0.0,0.0,0.0
PowerBrand Abl lampa,PowerBrand – ElectroStore – Search Website,1.0,0.0,0.0,0.0
PowerBrand Wentylator powietrza,(referral),1.0,0.0,0.0,0.0
PowerBrand Wentylator powietrza,PowerBrand – ElectroStore – Search Website,1.0,0.0,0.0,0.0
PowerBrand Alis kompaktowy,(not set),1.0,0.0,0.0,0.0
PowerBrand Alis kompaktowy,(organic),1.0,0.0,0.0,0.0
PowerBrand Arfhp wysokowydajny,(organic),1.0,0.0,0.0,0.0
PowerBrand Arfhp wysokowydajny,PowerBrand-Shopping,1.0,0.0,0.0,0.0
PowerBrand Akumulator ion 4,PowerBrand – ElectroStore – Search Website,1.0,0.0,0.0,0.0
PowerBrand Akumulator ion 5,(referral),1.0,0.0,0.0,0.0
PowerBrand Akumulator ion 5,aku,1.0,0.0,0.0,0.0
PowerBrand Sprężarka,(organic),1.0,0.0,0.0,0.0
PowerBrand Blhpt force,(referral),1.0,0.0,0.0,0.0
PowerBrand Blhpt force,PowerBrand – ElectroStore – Search Website,1.0,0.0,0.0,0.0
PowerBrand Blhpt force,PMax | DiamondTools | Sprzedaż | Polska,1.0,0.0,0.0,0.0
PowerBrand Blhptxl force,PowerBrand-Shopping,1.0,0.0,0.0,0.0
PowerBrand Bltrc obcinak,PowerBrand – ElectroStore – Search Website,1.0,0.0,0.0,0.0
PowerBrand Btp kompaktowa,(direct),1.0,0.0,0.0,0.0
PowerBrand Bezszczotkowa szlifierka,(referral),1.0,0.0,0.0,0.0
PowerBrand Akumulator forge 2,(direct),1.0,0.0,0.0,0.0
PowerBrand Akumulator forge 2,(not set),1.0,0.0,0.0,0.0
PowerBrand Piła taśmowa,(referral),1.0,0.0,0.0,0.0
PowerBrand Przecinarka,(direct),1.0,0.0,0.0,0.0
PowerBrand Przecinarka,(organic),1.0,0.0,0.0,0.0
PowerBrand Piła tarczowa,(organic),1.0,0.0,0.0,0.0
PowerBrand Piła tarczowa,PowerBrand – ElectroStore – Search Website,1.0,0.0,0.0,0.0
PowerBrand Piła tarczowa,PowerBrand-Shopping,1.0,0.0,0.0,0.0
PowerBrand Wibrator igłowy,(referral),1.0,0.0,0.0,0.0
PowerBrand Wysokowydajna szlifierka,(cross-network),1.0,0.0,0.0,0.0
PowerBrand Wysokowydajna szlifierka,PowerBrand – ElectroStore – Search Website,1.0,1.0,0.0,0.0
PowerBrand Wysokowydajna szlifierka 2,PowerBrand – ElectroStore – Search Website,1.0,0.0,0.0,0.0
PowerBrand Fhx‑ młotowiertarka,(organic),1.0,0.0,0.0,0.0
PowerBrand Fhx‑ młotowiertarka,Shopping Free Listings,1.0,0.0,0.0,0.0
PowerBrand Zakrętarka udarowa 5,(not set),1.0,0.0,0.0,0.0
PowerBrand Gwintownica rur,(organic),1.0,0.0,0.0,0.0
PowerBrand Frezarka górnowrzecionowa 2,(organic),1.0,0.0,0.0,0.0
PowerBrand Gwoździarka bębnowa,(direct),1.0,0.0,0.0,0.0
PowerBrand Akumulatorowa szlifierka 2,(organic),1.0,0.0,0.0,0.0
PowerBrand Szlifierka kątowa 10,(not set),1.0,0.0,0.0,0.0
PowerBrand Duża szlifierka,(referral),1.0,0.0,0.0,0.0
PowerBrand Młotowiertarka sds 2,(direct),1.0,0.0,0.0,0.0
PowerBrand Młotowiertarka sds 2,(referral),1.0,0.0,0.0,0.0
PowerBrand Narzędzie wielofunkcyjne,(referral),1.0,0.0,0.0,0.0
PowerBrand One key 5,(referral),1.0,0.0,0.0,0.0
PowerBrand One key 5,PowerBrand-Shopping,1.0,0.0,0.0,0.0
PowerBrand One key 6,PowerBrand – ElectroStore – Search Website,1.0,0.0,0.0,0.0
PowerBrand Szlifierka kątowa 3,(organic),1.0,0.0,0.0,0.0
PowerBrand Szlifierka kątowa 3,(referral),1.0,0.0,0.0,0.0
PowerBrand Szlifierka kątowa,(direct),1.0,0.0,0.0,0.0
PowerBrand Szlifierka kątowa,(organic),1.0,0.0,0.0,0.0
PowerBrand Wiertarko wkrętarka 5,(referral),1.0,0.0,0.0,0.0
PowerBrand Wyrzynarka rękojeścią 3,PowerBrand – ElectroStore – Search Website,1.0,0.0,0.0,0.0
PowerBrand Wyrzynarka rękojeścią 2,(organic),1.0,0.0,0.0,0.0
PowerBrand Młot wiercąco,(organic),1.0,0.0,0.0,0.0
PowerBrand Młotowiertarka sds,(not set),1.0,0.0,0.0,0.0
PowerBrand Szlifierka kątowa 4,(referral),1.0,0.0,0.0,0.0
PowerBrand Szlifierka kątowa 8,(organic),1.0,1.0,0.0,0.0
PowerBrand Szlifierka kątowa 8,(referral),1.0,0.0,0.0,0.0
PowerBrand Szlifierka kątowa 6,(direct),1.0,0.0,0.0,0.0
PowerBrand Wiertarko wkrętarka,(direct),1.0,0.0,0.0,0.0
PowerBrand Wiertarko wkrętarka 6,(ai-assistant),1.0,0.0,0.0,0.0
PowerBrand Wiertarko wkrętarka 6,aku,1.0,0.0,0.0,0.0
PowerBrand Wiertarko wkrętarka 9,Shopping Free Listings,1.0,0.0,0.0,0.0
PowerBrand Wiertarko wkrętarka 4,Shopping Free Listings,1.0,0.0,0.0,0.0
PowerBrand Hcct force,(organic),1.0,0.0,0.0,0.0
PowerBrand Hcct force,PMax | DiamondTools | Sprzedaż | Polska,1.0,0.0,0.0,0.0
PowerBrand Hoal lampa,PowerBrand – ElectroStore – Search Website,1.0,0.0,0.0,0.0
PowerBrand Mdtl wielokierunkowa,(ai-assistant),1.0,0.0,0.0,0.0
PowerBrand Mobilna szybka,(organic),1.0,0.0,0.0,0.0
PowerBrand Mobilna szybka,PowerBrand – ElectroStore – Search Website,1.0,1.0,0.0,0.0
PowerBrand One key 7,(organic),1.0,0.0,0.0,0.0
PowerBrand One key 7,PowerBrand – ElectroStore – Search Website,1.0,0.0,0.0,0.0
PowerBrand Onefprt nitownica,(direct),1.0,0.0,0.0,0.0
PowerBrand Wiertarko wkrętarka 10,PowerBrand – ElectroStore – Search Website,1.0,0.0,0.0,0.0
PowerBrand Niwelator laserowy,(not set),1.0,0.0,0.0,0.0
PowerBrand Bezszczotkowa wiertarko 2,(referral),1.0,0.0,0.0,0.0
PowerBrand Bezszczotkowa wiertarko 2,PowerBrand-Shopping,1.0,0.0,0.0,0.0
PowerBrand Bezszczotkowa wiertarko 2,PMax | DiamondTools | Sprzedaż | Polska,1.0,0.0,0.0,0.0
PowerBrand Bezszczotkowa wiertarko 2,aku,1.0,0.0,0.0,0.0
PowerBrand Kompaktowa bezszczotkowa 2,PMax | DiamondTools | Sprzedaż | Polska,1.0,0.0,0.0,0.0
PowerBrand Kompaktowa bezszczotkowa 3,(organic),1.0,0.0,0.0,0.0
PowerBrand Kompaktowa bezszczotkowa 3,(referral),1.0,0.0,0.0,0.0
PowerBrand Kompaktowa wiertarko,(referral),1.0,0.0,0.0,0.0
PowerBrand Lampa przenośna,PowerBrand – ElectroStore – Search Website,1.0,0.0,0.0,0.0
PowerBrand Pistolet klejenia,PowerBrand – ElectroStore – Search Website,1.0,0.0,0.0,0.0
PowerBrand Pistolet klejenia 4,(organic),1.0,0.0,0.0,0.0
PowerBrand Szlifierka mimośrodowa,(direct),1.0,0.0,0.0,0.0
PowerBrand Szlifierka mimośrodowa,(referral),1.0,1.0,1.0,514.79
PowerBrand Szlifierka mimośrodowa,Shopping Free Listings,1.0,0.0,0.0,0.0
PowerBrand Wyrzynarka bjs 2,PowerBrand – ElectroStore – Search Website,1.0,0.0,0.0,0.0
PowerBrand Kompaktowa bezszczotkowa 6,(referral),1.0,0.0,0.0,0.0
PowerBrand Kompaktowa bezszczotkowa 7,(direct),1.0,0.0,0.0,0.0
PowerBrand Kompaktowa bezszczotkowa 7,(organic),1.0,0.0,0.0,0.0
PowerBrand Fhs pilarka,PowerBrand – ElectroStore – Search Website,1.0,1.0,0.0,0.0
PowerBrand Mxf‑c charger,(organic),1.0,0.0,0.0,0.0
PowerBrand Magnetyczny uchwyty,(cross-network),1.0,0.0,0.0,0.0
PowerBrand Magnetyczny uchwyty 2,PowerBrand – ElectroStore – Search Website,1.0,0.0,0.0,0.0
PowerBrand Magnetyczny uchwyty 2,PowerBrand-Shopping,1.0,0.0,0.0,0.0
PowerBrand Marker końcówką,(cross-network),1.0,0.0,0.0,0.0
PowerBrand Mała apteczka,PowerBrand-Shopping,1.0,0.0,0.0,0.0
PowerBrand Mechanic centrator,(direct),1.0,0.0,0.0,0.0
PowerBrand Mechanic edgeduster,(organic),1.0,1.0,0.0,0.0
PowerBrand Mechanic socketduster,(not set),1.0,0.0,0.0,0.0
PowerBrand Mechanic vortex,(organic),1.0,0.0,0.0,0.0
PowerBrand Mechanic osłona,PowerBrand – ElectroStore – Search Website,1.0,0.0,0.0,0.0
PowerBrand Metabo asc,DiamondTools rabat,1.0,0.0,0.0,0.0
PowerBrand Metabo asc,PowerBrand-Shopping,1.0,0.0,0.0,0.0
PowerBrand Metabo wiertarko,PowerBrand – ElectroStore – Search Website,1.0,0.0,0.0,0.0
PowerBrand Metabo ltx,(referral),1.0,0.0,0.0,0.0
PowerBrand Metabo ltx 2,(referral),1.0,0.0,0.0,0.0
PowerBrand Metabo ltx 3,(organic),1.0,1.0,0.0,0.0
PowerBrand Metabo ssd,(referral),1.0,0.0,0.0,0.0
PowerBrand Metabo ssd,PowerBrand – ElectroStore – Search Website,1.0,0.0,0.0,0.0
PowerBrand Metabo stb,DiamondTools rabat,1.0,0.0,0.0,0.0
PowerBrand Metabo wvb,(direct),1.0,0.0,0.0,0.0
PowerBrand Metabo wvb,(organic),1.0,0.0,0.0,0.0
PowerBrand Miara składana 2,(organic),1.0,0.0,0.0,0.0
PowerBrand Miara taśma 2,(cross-network),1.0,0.0,0.0,0.0
PowerBrand Miara taśma 4,PowerBrand – ElectroStore – Search Website,1.0,0.0,0.0,0.0
PowerBrand Miara taśma 5,PowerBrand – ElectroStore – Search Website,1.0,0.0,0.0,0.0
PowerBrand Miara taśma 3,(organic),1.0,0.0,0.0,0.0
PowerBrand Miara taśma 6,PowerBrand-Shopping,1.0,0.0,0.0,0.0
PowerBrand Miara zwijana 2,PowerBrand – ElectroStore – Search Website,1.0,0.0,0.0,0.0
PowerBrand Miara zwijana,PowerBrand – ElectroStore – Search Website,1.0,0.0,0.0,0.0
PowerBrand Nasadka udarowa 21,PowerBrand-Shopping,1.0,0.0,0.0,0.0
PowerBrand Laserowy miernik,(cross-network),1.0,0.0,0.0,0.0
PowerBrand Nóż łamanym,(referral),1.0,0.0,0.0,0.0
PowerBrand Ostrze wgłębne,PowerBrand-Shopping,1.0,0.0,0.0,0.0
PowerBrand Świąteczny zestaw 2,PowerBrand – ElectroStore – Search Website,1.0,0.0,0.0,0.0
PowerBrand Adapter fixtec,(ai-assistant),1.0,0.0,0.0,0.0
PowerBrand Adapter fixtec,(referral),1.0,0.0,0.0,0.0
PowerBrand Szczęki zaciskowe,PowerBrand – ElectroStore – Search Website,1.0,0.0,0.0,0.0
PowerBrand Szczęki zaciskowe,PMax | DiamondTools | Sprzedaż | Polska,1.0,0.0,0.0,0.0
PowerBrand Plecak,(cross-network),1.0,0.0,0.0,0.0
PowerBrand Plecak,PowerBrand-Shopping,1.0,0.0,0.0,0.0
PowerBrand Dłuto sds,(not set),1.0,0.0,0.0,0.0
PowerBrand Zestaw wkrętaków 2,(referral),1.0,0.0,0.0,0.0
PowerBrand Zestaw wkrętaków 2,Shopping Free Listings,1.0,0.0,0.0,0.0
PowerBrand Zestaw nasadek 2,(not set),1.0,0.0,0.0,0.0
PowerBrand Szczypce wydłużone,PowerBrand-Shopping,1.0,0.0,0.0,0.0
PowerBrand Nasadka udarowa 22,PowerBrand-Shopping,1.0,0.0,0.0,0.0
PowerBrand Mug kubek,PowerBrand – ElectroStore – Search Website,1.0,0.0,0.0,0.0
PowerBrand Butelka termiczna 5,(referral),1.0,0.0,0.0,0.0
PowerBrand Butelka termiczna 6,(organic),1.0,0.0,0.0,0.0
PowerBrand Świąteczny zestaw,(referral),1.0,0.0,0.0,0.0
PowerBrand Okulary ochronne 9,(referral),1.0,0.0,0.0,0.0
PowerBrand Zestaw dysz,(direct),1.0,0.0,0.0,0.0
PowerBrand Zestaw dysz,(not set),1.0,0.0,0.0,0.0
PowerBrand Zestaw dysz,(organic),1.0,0.0,0.0,0.0
PowerBrand Butelka czarna,(not set),1.0,0.0,0.0,0.0
PowerBrand Zestaw kluczy 2,(referral),1.0,0.0,0.0,0.0
PowerBrand Wymienna szczotka,(cross-network),1.0,0.0,0.0,0.0
PowerBrand Wymienna szczotka,PowerBrand-Shopping,1.0,0.0,0.0,0.0
PowerBrand Szczypce nastawne 4,PowerBrand-Shopping,1.0,0.0,0.0,0.0
PowerBrand Zestaw bitów,(organic),1.0,0.0,0.0,0.0
PowerBrand Zestaw bitów,(referral),1.0,0.0,0.0,0.0
PowerBrand Nóż multifunkcyjny,(organic),1.0,0.0,0.0,0.0
PowerBrand Ołówek mechaniczny,(not set),1.0,0.0,0.0,0.0
PowerBrand Ołówek mechaniczny,(organic),1.0,0.0,0.0,0.0
PowerBrand Ołówek mechaniczny,PowerBrand – ElectroStore – Search Website,1.0,0.0,0.0,0.0
PowerBrand Elcp odkurzacz,(referral),1.0,0.0,0.0,0.0
PowerBrand Mac przemysłowy,PowerBrand – ElectroStore – Search Website,1.0,0.0,0.0,0.0
PowerBrand Bluza kapturem 5,(organic),1.0,0.0,0.0,0.0
PowerBrand Ładowarka akumulatorów,(organic),1.0,1.0,0.0,0.0
PowerBrand Ppc akumulatorowa,(organic),1.0,0.0,0.0,0.0
PowerBrand Narzędzie obrotowe,PowerBrand – ElectroStore – Search Website,1.0,0.0,0.0,0.0
PowerBrand Obcinak rur,(direct),1.0,0.0,0.0,0.0
PowerBrand Obcinak rur,(referral),1.0,0.0,0.0,0.0
PowerBrand Wiertnica diamentowa,(not set),1.0,0.0,0.0,0.0
PowerBrand Wiertnica diamentowa,(organic),1.0,1.0,0.0,0.0
PowerBrand Wiertnica diamentowa,PMax | DiamondTools | Sprzedaż | Polska,1.0,0.0,0.0,0.0
PowerBrand Dgl szlifierka,PowerBrand – ElectroStore – Search Website,1.0,0.0,0.0,0.0
PowerBrand Freeflex spodnie,PowerBrand-Shopping,1.0,0.0,0.0,0.0
PowerBrand Hiwf klucz,(organic),1.0,0.0,0.0,0.0
PowerBrand Hiwf klucz,PowerBrand-Shopping,1.0,0.0,0.0,0.0
PowerBrand Czołówka spot,(direct),1.0,0.0,0.0,0.0
PowerBrand Czołówka spot,(organic),1.0,0.0,0.0,0.0
PowerBrand Inkzall marker,(organic),1.0,0.0,0.0,0.0
PowerBrand Akumulatorowa latarka 2,(referral),1.0,2.0,0.0,0.0
PowerBrand Pps przenośne,(referral),1.0,0.0,0.0,0.0
PowerBrand Ldm dalmierz,(cross-network),1.0,0.0,0.0,0.0
PowerBrand Blprs akumulatorowy,(direct),1.0,0.0,0.0,0.0
PowerBrand Blprs akumulatorowy,(referral),1.0,0.0,0.0,0.0
PowerBrand Bprt nitownica,(organic),1.0,0.0,0.0,0.0
PowerBrand Bprt nitownica 2,(direct),1.0,0.0,0.0,0.0
PowerBrand Bprt nitownica 2,PowerBrand – ElectroStore – Search Website,1.0,0.0,0.0,0.0
PowerBrand Bst akumulatorowy,(organic),1.0,0.0,0.0,0.0
PowerBrand Kompaktowy klucz 3,(organic),1.0,0.0,0.0,0.0
PowerBrand Pilarka tarczowa 4,(organic),1.0,0.0,0.0,0.0
PowerBrand Pilarka tarczowa 4,(referral),1.0,0.0,0.0,0.0
PowerBrand Pilarka tarczowa 4,PowerBrand – ElectroStore – Search Website,1.0,0.0,0.0,0.0
PowerBrand Fhs akumulatorowa,(not set),1.0,0.0,0.0,0.0
PowerBrand Akumulatorowe nożyce,(direct),1.0,1.0,1.0,468.799999
PowerBrand Akumulatorowe nożyce 2,(referral),1.0,0.0,0.0,0.0
PowerBrand Zakrętarka udarowa 2,PowerBrand-Shopping,1.0,0.0,0.0,0.0
PowerBrand Akumulatorowa zakrętarka,(organic),1.0,0.0,0.0,0.0
PowerBrand Grzechotka akumulatorowa,(organic),1.0,0.0,0.0,0.0
PowerBrand Grzechotka akumulatorowa 6,PowerBrand – ElectroStore – Search Website,1.0,0.0,0.0,0.0
PowerBrand Grzechotka udarowa 2,(organic),1.0,1.0,0.0,0.0
PowerBrand Grzechotka akumulatorowa 5,(organic),1.0,0.0,0.0,0.0
PowerBrand Kątowy klucz,(referral),1.0,0.0,0.0,0.0
PowerBrand Akumulator high 4,(direct),1.0,0.0,0.0,0.0
PowerBrand Akumulator high 4,(not set),1.0,0.0,0.0,0.0
PowerBrand Akumulator high 4,(organic),1.0,1.0,1.0,170.360001
PowerBrand Kurtka podgrzewana 7,PowerBrand – ElectroStore – Search Website,1.0,0.0,0.0,0.0
PowerBrand Xxl kurtka,(referral),1.0,0.0,0.0,0.0
PowerBrand Pcss akumulatorowa,(not set),1.0,0.0,0.0,0.0
PowerBrand Pcss akumulatorowa,(referral),1.0,0.0,0.0,0.0
PowerBrand Pcss akumulatorowa,PowerBrand – ElectroStore – Search Website,1.0,0.0,0.0,0.0
PowerBrand Rcdab radio,(not set),1.0,0.0,0.0,0.0
PowerBrand Latarka kieszonkowa,(organic),1.0,0.0,0.0,0.0
PowerBrand Kompaktowa ładowarka,(referral),1.0,1.0,1.0,319.999999
PowerBrand Kompaktowa ładowarka,PowerBrand-Shopping,1.0,0.0,0.0,0.0
PowerBrand Ładowarka samochodowa,(organic),1.0,0.0,0.0,0.0
PowerBrand Ładowarka sześciostanowiskowa,(organic),1.0,0.0,0.0,0.0
PowerBrand Ładowarka sześciostanowiskowa,(referral),1.0,0.0,0.0,0.0
PowerBrand Ładowarka sześciostanowiskowa,DiamondTools rabat,1.0,0.0,0.0,0.0
PowerBrand Bbl kompaktowa,(organic),1.0,0.0,0.0,0.0
PowerBrand Akumulatorowy opryskiwacz 5,(organic),1.0,0.0,0.0,0.0
PowerBrand Akumulatorowy opryskiwacz 5,adbox_comparison,1.0,0.0,0.0,0.0
PowerBrand Cst switch,(not set),1.0,0.0,0.0,0.0
PowerBrand Wst switch,(organic),1.0,0.0,0.0,0.0
PowerBrand Bhg opalarka,(direct),1.0,0.0,0.0,0.0
PowerBrand Bllt podkaszarka,(direct),1.0,0.0,0.0,0.0
PowerBrand Blswp hydropass,(direct),1.0,0.0,0.0,0.0
PowerBrand Bmt narzędzie,(direct),1.0,0.0,0.0,0.0
PowerBrand Bmt narzędzie,(referral),1.0,0.0,0.0,0.0
PowerBrand Bpfp wst,(direct),1.0,0.0,0.0,0.0
PowerBrand Bpfp wst,(organic),1.0,0.0,0.0,0.0
PowerBrand Braiw kątowy,(not set),1.0,0.0,0.0,0.0
PowerBrand Braiw kątowy,(referral),1.0,0.0,0.0,0.0
PowerBrand Bsx piła,(direct),1.0,0.0,0.0,0.0
PowerBrand Bsx piła,(referral),1.0,0.0,0.0,0.0
PowerBrand Pilarka taśmowa,(not set),1.0,0.0,0.0,0.0
PowerBrand Pilarka tarczowa 3,(not set),1.0,0.0,0.0,0.0
PowerBrand Chm‑ młot,(referral),1.0,0.0,0.0,0.0
PowerBrand Dbsc podwójna,(referral),1.0,1.0,0.0,0.0
PowerBrand Dbsc podwójna,DiamondTools rabat,1.0,0.0,0.0,0.0
PowerBrand Dfc podwójna,(not set),1.0,0.0,0.0,0.0
PowerBrand Dfc podwójna,DiamondTools rabat,1.0,0.0,0.0,0.0
PowerBrand Akumulatorowa dmuchawa 2,(direct),1.0,0.0,0.0,0.0
PowerBrand Akumulatorowa dmuchawa 2,(referral),1.0,0.0,0.0,0.0
PowerBrand Akumulatorowa pilarka 3,(organic),1.0,0.0,0.0,0.0
PowerBrand Akumulatorowa pilarka 3,PowerBrand – ElectroStore – Search Website,1.0,0.0,0.0,0.0
PowerBrand Akumulatorowa kosiarka,(referral),1.0,0.0,0.0,0.0
PowerBrand Akumulatorowy odkurzacz,(referral),1.0,0.0,0.0,0.0
PowerBrand Odkurzacz budowlany,(not set),1.0,0.0,0.0,0.0
PowerBrand Odkurzacz budowlany,(organic),1.0,0.0,0.0,0.0
PowerBrand Forge akumulator,PowerBrand-Shopping,1.0,0.0,0.0,0.0
PowerBrand Fbcu wykaszarka,(direct),1.0,0.0,0.0,0.0
PowerBrand Fbcu wykaszarka,(referral),1.0,0.0,0.0,0.0
PowerBrand Akumulatorowa dmuchawa 3,(not set),1.0,0.0,0.0,0.0
PowerBrand Akumulatorowa dmuchawa 3,(referral),1.0,0.0,0.0,0.0
PowerBrand Fbpv akumulatorowy,(direct),1.0,0.0,0.0,0.0
PowerBrand Fbpv akumulatorowy,PowerBrand – ElectroStore – Search Website,1.0,0.0,0.0,0.0
PowerBrand Odkurzacz plecakowy,(not set),1.0,0.0,0.0,0.0
PowerBrand Odkurzacz plecakowy,(referral),1.0,0.0,0.0,0.0
PowerBrand Fcddexl kompaktowy,(referral),1.0,0.0,0.0,0.0
PowerBrand Fchs pilarka 2,(ai-assistant),1.0,0.0,0.0,0.0
PowerBrand Pilarka łańcuchowa 2,(referral),1.0,0.0,0.0,0.0
PowerBrand Ffn gwoździarka,(organic),1.0,0.0,0.0,0.0
PowerBrand Ffn gwoździarka,(referral),1.0,0.0,0.0,0.0
PowerBrand Młotowiertarka akumulatorowa 2,(direct),1.0,0.0,0.0,0.0
PowerBrand Nożyce akumulatorowe,(not set),1.0,0.0,0.0,0.0
PowerBrand Nożyce akumulatorowe,(referral),1.0,0.0,0.0,0.0
PowerBrand Nożyce żywopłotu 3,(organic),1.0,0.0,0.0,0.0
PowerBrand Nożyce żywopłotu,PowerBrand-Shopping,1.0,0.0,0.0,0.0
PowerBrand Nożyce żywopłotu 2,(organic),1.0,0.0,0.0,0.0
PowerBrand Pilarka łańcuchowa,(not set),1.0,0.0,0.0,0.0
PowerBrand Pilarka łańcuchowa 4,PowerBrand – ElectroStore – Search Website,1.0,0.0,0.0,0.0
PowerBrand Pilarka łańcuchowa 4,PowerBrand-Shopping,1.0,0.0,0.0,0.0
PowerBrand Szlifierka kątowa 7,(referral),1.0,0.0,0.0,0.0
PowerBrand Fhx młotowiertarka,(organic),1.0,0.0,0.0,0.0
PowerBrand Zakrętarka udarowa 4,(organic),1.0,0.0,0.0,0.0
PowerBrand Zakrętarka udarowa 3,(not set),1.0,0.0,0.0,0.0
PowerBrand Fidrq hydrauliczna,(not set),1.0,0.0,0.0,0.0
PowerBrand Fidrq hydrauliczna,(organic),1.0,0.0,0.0,0.0
PowerBrand Klucz udarowy 5,(direct),1.0,0.0,0.0,0.0
PowerBrand Klucz udarowy 6,(not set),1.0,0.0,0.0,0.0
PowerBrand Fmcs pilarka,(referral),1.0,0.0,0.0,0.0
PowerBrand Pilarka tarczowa 5,(not set),1.0,0.0,0.0,0.0
PowerBrand Pilarka tarczowa 5,(referral),1.0,0.0,0.0,0.0
PowerBrand Fmdp‑ akumulatorowa,PMax | DiamondTools | Sprzedaż | Polska,1.0,0.0,0.0,0.0
PowerBrand Ukośnica posuwem,(direct),1.0,0.0,0.0,0.0
PowerBrand Klucz udarowy,(ai-assistant),1.0,0.0,0.0,0.0
PowerBrand Klucz udarowy 4,(not set),1.0,1.0,0.0,0.0
PowerBrand Gwoździarka wykończeniowa 2,(referral),1.0,0.0,0.0,0.0
PowerBrand Gwoździarka wykończeniowa,(organic),1.0,0.0,0.0,0.0
PowerBrand Foph akumulatorowa,(direct),1.0,0.0,0.0,0.0
PowerBrand Foph bba,(organic),1.0,0.0,0.0,0.0
PowerBrand Foph bba,PowerBrand-Shopping,1.0,0.0,0.0,0.0
PowerBrand Foph bca,(direct),1.0,0.0,0.0,0.0
PowerBrand Foph hta,(ai-assistant),1.0,0.0,0.0,0.0
PowerBrand Foph lta,PowerBrand-Shopping,1.0,0.0,0.0,0.0
PowerBrand Foph rba,(ai-assistant),1.0,0.0,0.0,0.0
PowerBrand Foph rba,PowerBrand – ElectroStore – Search Website,1.0,1.0,0.0,0.0
PowerBrand Foph shta,PowerBrand – ElectroStore – Search Website,1.0,0.0,0.0,0.0
PowerBrand Akumulatorowe urządzenie,(not set),1.0,0.0,0.0,0.0
PowerBrand Foph‑ea krawędziarka,(organic),1.0,0.0,0.0,0.0
PowerBrand Fpcs akumulatorowa,(not set),1.0,0.0,0.0,0.0
PowerBrand Fpcs akumulatorowa,(organic),1.0,0.0,0.0,0.0
PowerBrand Fpm mieszarka,(direct),1.0,0.0,0.0,0.0
PowerBrand Fpm mieszarka,(referral),1.0,0.0,0.0,0.0
PowerBrand Zagłębiarka walizce,(direct),1.0,0.0,0.0,0.0
PowerBrand Zagłębiarka walizce,(not set),1.0,0.0,0.0,0.0
PowerBrand Fsx akumulatorowa,(referral),1.0,0.0,0.0,0.0
PowerBrand Fsz akumulatorowa,(direct),1.0,0.0,0.0,0.0
PowerBrand Fsz akumulatorowa 2,(organic),1.0,0.0,0.0,0.0
PowerBrand Fsz akumulatorowa 2,(referral),1.0,0.0,0.0,0.0
PowerBrand Pilarka łańcuchowa 5,PowerBrand – ElectroStore – Search Website,1.0,0.0,0.0,0.0
PowerBrand Pilarka łańcuchowa 6,(referral),1.0,0.0,0.0,0.0
PowerBrand Akumulatorowa smarownica,PowerBrand-Shopping,1.0,0.0,0.0,0.0
PowerBrand Akumulatorowa smarownica 3,(direct),1.0,1.0,1.0,940.040001
PowerBrand Akumulatorowa smarownica 3,(not set),1.0,0.0,0.0,0.0
PowerBrand Akumulatorowa smarownica 3,(referral),1.0,0.0,0.0,0.0
PowerBrand Hkp hydrauliczna,(organic),1.0,0.0,0.0,0.0
PowerBrand Hkp hydrauliczna,(referral),1.0,0.0,0.0,0.0
PowerBrand Odkurzacz akumulatorowy 2,(not set),1.0,0.0,0.0,0.0
PowerBrand Odkurzacz akumulatorowy 2,(referral),1.0,0.0,0.0,0.0
PowerBrand Klucz udarowy 8,(organic),1.0,0.0,0.0,0.0
PowerBrand Klucz udarowy 11,(not set),1.0,0.0,0.0,0.0
PowerBrand Klucz udarowy 7,(referral),1.0,0.0,0.0,0.0
PowerBrand Klucz udarowy 10,PowerBrand-Shopping,1.0,0.0,0.0,0.0
PowerBrand Szlifierka kątowa 12,(referral),1.0,0.0,0.0,0.0
PowerBrand Wiertarko wkrętarka 3,(direct),1.0,0.0,0.0,0.0
PowerBrand Wiertarko wkrętarka 3,(referral),1.0,0.0,0.0,0.0
PowerBrand Wiertarko wkrętarka 3,Shopping Free Listings,1.0,0.0,0.0,0.0
PowerBrand Wiertarko wkrętarka 3,aku,1.0,0.0,0.0,0.0
PowerBrand Szybka ładowarka,(direct),1.0,0.0,0.0,0.0
PowerBrand Prcdab radio,(referral),1.0,0.0,0.0,0.0
PowerBrand Raddab akumulatorowe,(organic),1.0,0.0,0.0,0.0
PowerBrand Radio głośnik,(not set),1.0,0.0,0.0,0.0
PowerBrand Miniładowarka powerbank,(not set),1.0,0.0,0.0,0.0
PowerBrand Miniładowarka powerbank,(organic),1.0,0.0,0.0,0.0
PowerBrand Miniładowarka powerbank,PowerBrand-Shopping,1.0,0.0,0.0,0.0
PowerBrand Wiertarko wkrętarka 8,(not set),1.0,0.0,0.0,0.0
PowerBrand Mcs piła,(not set),1.0,0.0,0.0,0.0
PowerBrand Mcs piła,(referral),1.0,1.0,1.0,2085.920001
PowerBrand Mcs piła,PowerBrand – ElectroStore – Search Website,1.0,0.0,0.0,0.0
PowerBrand Mcs piła 2,(referral),1.0,0.0,0.0,0.0
PowerBrand Akumulatorowa przecinarka,(direct),1.0,0.0,0.0,0.0
PowerBrand Akumulatorowa przecinarka,PowerBrand – ElectroStore – Search Website,1.0,0.0,0.0,0.0
PowerBrand Akumulator ion 6,(referral),1.0,0.0,0.0,0.0
PowerBrand Akumulator ion 6,PowerBrand-Shopping,1.0,0.0,0.0,0.0
PowerBrand Akumulator 2,(not set),1.0,0.0,0.0,0.0
PowerBrand Mxftlic mobilny,(referral),1.0,0.0,0.0,0.0
PowerBrand Mxftlic mobilny,PowerBrand – ElectroStore – Search Website,1.0,0.0,0.0,0.0
PowerBrand Zestaw nasadek 4,(direct),1.0,0.0,0.0,0.0
PowerBrand Zestaw nasadek 4,PowerBrand – ElectroStore – Search Website,1.0,0.0,0.0,0.0
PowerBrand Zestaw nasadek 4,PowerBrand-Shopping,1.0,0.0,0.0,0.0
PowerBrand Wiertarka udarowa,(organic),1.0,0.0,0.0,0.0
PowerBrand Pods separator,(not set),1.0,0.0,0.0,0.0
PowerBrand Performance baseball 3,(direct),1.0,0.0,0.0,0.0
PowerBrand Performance baseball 3,(organic),1.0,0.0,0.0,0.0
PowerBrand Performance baseball,(direct),1.0,0.0,0.0,0.0
PowerBrand Szlifierka kątowa 21,PowerBrand – ElectroStore – Search Website,1.0,0.0,0.0,0.0
PowerBrand Szlifierka kątowa 13,(not set),1.0,0.0,0.0,0.0
PowerBrand Szlifierka kątowa 13,(referral),1.0,0.0,0.0,0.0
PowerBrand Adapter usb,(not set),1.0,0.0,0.0,0.0
PowerBrand Adapter usb,(organic),1.0,0.0,0.0,0.0
PowerBrand Adapter usb,PowerBrand – ElectroStore – Search Website,1.0,0.0,0.0,0.0
PowerBrand Thunderweb hss,(organic),1.0,1.0,0.0,0.0
PowerBrand Thunderweb hss,PowerBrand – ElectroStore – Search Website,1.0,0.0,0.0,0.0
PowerBrand Thunderweb hss,PowerBrand-Shopping,1.0,0.0,0.0,0.0
PowerBrand Buty ochronne 2,PowerBrand – ElectroStore – Search Website,1.0,0.0,0.0,0.0
PowerBrand Buty ochronne 3,PowerBrand – ElectroStore – Search Website,1.0,0.0,0.0,0.0
PowerBrand Buty ochronne 4,(referral),1.0,0.0,0.0,0.0
PowerBrand Buty ochronne 5,PowerBrand – ElectroStore – Search Website,1.0,0.0,0.0,0.0
PowerBrand Nożyk suchej,(direct),1.0,0.0,0.0,0.0
PowerBrand Nożyk suchej,(organic),1.0,0.0,0.0,0.0
PowerBrand Nożyk suchej,(referral),1.0,0.0,0.0,0.0
PowerBrand Nożyk suchej,PowerBrand-Shopping,1.0,0.0,0.0,0.0
PowerBrand Okulary ochronne 16,(organic),1.0,0.0,0.0,0.0
PowerBrand Tarcza pilarska 27,(organic),1.0,0.0,0.0,0.0
PowerBrand Tarcza pilarska 27,PowerBrand-Shopping,1.0,0.0,0.0,0.0
PowerBrand Wysokie buty 2,(organic),1.0,0.0,0.0,0.0
PowerBrand Wysokie buty,(organic),1.0,0.0,0.0,0.0
PowerBrand Zestaw narzędzi 2,(organic),1.0,0.0,0.0,0.0
PowerBrand Zestaw narzędzi 2,PowerBrand – ElectroStore – Search Website,1.0,0.0,0.0,0.0
PowerBrand Zestaw narzędzi 2,PowerBrand-Shopping,1.0,0.0,0.0,0.0
PowerBrand Grzechotka wysokoobrotowa,(organic),1.0,0.0,0.0,0.0
PowerBrand Grzechotka udarowa,(not set),1.0,0.0,0.0,0.0
PowerBrand Fmcs‑ pilarka,(referral),1.0,0.0,0.0,0.0
PowerBrand Młot wiercąco 2,(not set),1.0,0.0,0.0,0.0
PowerBrand Młotek ślusarski,PowerBrand-Shopping,1.0,0.0,0.0,0.0
PowerBrand Młotowiertarka sds 10,(direct),1.0,0.0,0.0,0.0
PowerBrand Młotowiertarka sds 10,(not set),1.0,0.0,0.0,0.0
PowerBrand Młotowiertarka sds 10,(organic),1.0,0.0,0.0,0.0
PowerBrand Młotowiertarka sds 10,PowerBrand – ElectroStore – Search Website,1.0,1.0,0.0,0.0
PowerBrand Młotowiertarka sds 8,(organic),1.0,0.0,0.0,0.0
PowerBrand Młotowiertarka sds 8,(referral),1.0,0.0,0.0,0.0
PowerBrand Nakolanniki ochronne 2,(referral),1.0,1.0,1.0,212.269999
PowerBrand Nakolanniki ochronne 2,PowerBrand-Shopping,1.0,0.0,0.0,0.0
PowerBrand Nasadka magnetyczna 2,(cross-network),1.0,0.0,0.0,0.0
PowerBrand Nasadka magnetyczna 3,(direct),1.0,0.0,0.0,0.0
PowerBrand Nasadka magnetyczna 3,(organic),1.0,0.0,0.0,0.0
PowerBrand Nasadka magnetyczna 4,(direct),1.0,0.0,0.0,0.0
PowerBrand Nasadka magnetyczna 4,PowerBrand-Shopping,1.0,0.0,0.0,0.0
PowerBrand Nasadka udarowa 2,(not set),1.0,2.0,1.0,80.649998
PowerBrand Nasadka udarowa 23,PowerBrand-Shopping,1.0,0.0,0.0,0.0
PowerBrand Nasadka udarowa 6,(cross-network),1.0,0.0,0.0,0.0
PowerBrand Nasadka udarowa 5,(cross-network),1.0,0.0,0.0,0.0
PowerBrand Nasadka udarowa 24,PowerBrand-Shopping,1.0,0.0,0.0,0.0
PowerBrand Nasadka udarowa 25,PowerBrand-Shopping,1.0,0.0,0.0,0.0
PowerBrand Nasadka udarowa 26,PowerBrand-Shopping,1.0,0.0,0.0,0.0
PowerBrand Nasadka udarowa 27,(organic),1.0,0.0,0.0,0.0
PowerBrand Nasadka udarowa 28,PowerBrand-Shopping,1.0,0.0,0.0,0.0
PowerBrand Nasadka udarowa 29,PowerBrand-Shopping,1.0,0.0,0.0,0.0
PowerBrand Nasadka udarowa 30,PowerBrand-Shopping,1.0,0.0,0.0,0.0
PowerBrand Nasadka udarowa 31,PowerBrand-Shopping,1.0,0.0,0.0,0.0
PowerBrand Nasadka udarowa 32,(cross-network),1.0,0.0,0.0,0.0
PowerBrand Nasadka udarowa 33,PowerBrand-Shopping,1.0,0.0,0.0,0.0
PowerBrand Nasadka udarowa 34,(direct),1.0,2.0,2.0,42.839997
PowerBrand Nasadka udarowa 34,PowerBrand-Shopping,1.0,0.0,0.0,0.0
PowerBrand Nasadka udarowa 35,(direct),1.0,4.0,2.0,63.14
PowerBrand Nasadka udarowa 36,PowerBrand-Shopping,1.0,0.0,0.0,0.0
PowerBrand Nasadka udarowa 37,PowerBrand-Shopping,1.0,0.0,0.0,0.0
PowerBrand Nasadki grzechotką 2,(organic),1.0,1.0,0.0,0.0
PowerBrand Nasadki grzechotką 2,PowerBrand – ElectroStore – Search Website,1.0,0.0,0.0,0.0
PowerBrand Nasadki grzechotką 2,PowerBrand-Shopping,1.0,0.0,0.0,0.0
PowerBrand Nasadki¼″ grzechotką,(organic),1.0,0.0,0.0,0.0
PowerBrand Nauszniki przeciwhałasowe,PowerBrand – ElectroStore – Search Website,1.0,1.0,0.0,0.0
PowerBrand Nożyce blachy 4,PowerBrand – ElectroStore – Search Website,1.0,0.0,0.0,0.0
PowerBrand Nożyczki dla,(cross-network),1.0,0.0,0.0,0.0
PowerBrand Nożyczki dla,(organic),1.0,0.0,0.0,0.0
PowerBrand Nóż nożyk,(not set),1.0,0.0,0.0,0.0
PowerBrand Nóż nożyk 3,(cross-network),1.0,0.0,0.0,0.0
PowerBrand Nóż składany 4,(direct),1.0,0.0,0.0,0.0
PowerBrand Nóż składany 4,(organic),1.0,0.0,0.0,0.0
PowerBrand Nóż składany 4,PowerBrand-Shopping,1.0,0.0,0.0,0.0
PowerBrand Nóż wymienny,(organic),1.0,0.0,0.0,0.0
PowerBrand Nóż metalowym,PowerBrand – ElectroStore – Search Website,1.0,0.0,0.0,0.0
PowerBrand Okulary ochronne 17,(organic),1.0,0.0,0.0,0.0
PowerBrand One key 8,(organic),1.0,0.0,0.0,0.0
PowerBrand Obcinak rur 2,PowerBrand-Shopping,1.0,0.0,0.0,0.0
PowerBrand Obcinak rur 3,PowerBrand-Shopping,1.0,0.0,0.0,0.0
PowerBrand Obcinak kabli,PowerBrand-Shopping,1.0,0.0,0.0,0.0
PowerBrand Odkurzacz akumulatorowy,(referral),1.0,0.0,0.0,0.0
PowerBrand Odkurzacz akumulatorowy 3,PowerBrand – ElectroStore – Search Website,1.0,0.0,0.0,0.0
PowerBrand Odkurzacz przemysłowy,PowerBrand – ElectroStore – Search Website,1.0,0.0,0.0,0.0
PowerBrand Okulary ochronne 18,PowerBrand-Shopping,1.0,0.0,0.0,0.0
PowerBrand Okulary ochronne 19,(referral),1.0,0.0,0.0,0.0
PowerBrand Okulary ochronne 2,(referral),1.0,0.0,0.0,0.0
PowerBrand Okulary ochronne 7,(organic),1.0,0.0,0.0,0.0
PowerBrand Okulary ochronne,(cross-network),1.0,0.0,0.0,0.0
PowerBrand Okulary ochronne,(not set),1.0,0.0,0.0,0.0
PowerBrand Okulary ochronne 4,(cross-network),1.0,0.0,0.0,0.0
PowerBrand Organizer średni,(cross-network),1.0,0.0,0.0,0.0
DiamondTools Osłona odsysająca,PMax | DiamondTools | Sprzedaż | Polska,1.0,0.0,0.0,0.0
PowerBrand Otwornica kobaltowa 2,(cross-network),1.0,0.0,0.0,0.0
PowerBrand Otwornica kobaltowa,(organic),1.0,0.0,0.0,0.0
PowerBrand Otwornica kobaltowa 4,(cross-network),1.0,0.0,0.0,0.0
PowerBrand Otwornica bimetalowa 8,(direct),1.0,0.0,0.0,0.0
PowerBrand Otwornica bimetalowa 10,PMax | DiamondTools | Sprzedaż | Polska,1.0,0.0,0.0,0.0
PowerBrand Otwornica bimetalowa 6,(not set),1.0,0.0,0.0,0.0
PowerBrand Otwornica bimetalowa 2,(cross-network),1.0,0.0,0.0,0.0
PowerBrand Otwornica bimetalowa 43,PowerBrand-Shopping,1.0,0.0,0.0,0.0
PowerBrand Otwornica bimetalowa 44,PowerBrand-Shopping,1.0,0.0,0.0,0.0
PowerBrand Otwornica bimetalowa 27,(cross-network),1.0,0.0,0.0,0.0
PowerBrand Otwornica bimetalowa 45,PowerBrand-Shopping,1.0,0.0,0.0,0.0
PowerBrand Otwornica bimetalowa 18,PowerBrand – ElectroStore – Search Website,1.0,1.0,0.0,0.0
PowerBrand Otwornica bimetalowa 19,(organic),1.0,0.0,0.0,0.0
PowerBrand Otwornica bimetalowa 46,PowerBrand-Shopping,1.0,0.0,0.0,0.0
PowerBrand Otwornica diamentowa,(not set),1.0,0.0,0.0,0.0
PowerBrand Otwornica diamentowa,PowerBrand-Shopping,1.0,0.0,0.0,0.0
PowerBrand Otwornica węglikiem 12,PowerBrand-Shopping,1.0,0.0,0.0,0.0
PowerBrand Otwornica węglikiem 16,PowerBrand-Shopping,1.0,0.0,0.0,0.0
PowerBrand Otwornica węglikiem 14,(organic),1.0,0.0,0.0,0.0
PowerBrand Otwornica węglikiem 6,PowerBrand – ElectroStore – Search Website,1.0,0.0,0.0,0.0
PowerBrand Otwornica węglikiem 3,(cross-network),1.0,0.0,0.0,0.0
PowerBrand Otwornica węglikiem 3,PowerBrand – ElectroStore – Search Website,1.0,0.0,0.0,0.0
PowerBrand Otwornica węglikiem 7,(organic),1.0,0.0,0.0,0.0
PowerBrand Otwornica węglikiem 7,PMax | DiamondTools | Sprzedaż | Polska,1.0,0.0,0.0,0.0
PowerBrand Otwornica zębami 5,PowerBrand-Shopping,1.0,0.0,0.0,0.0
PowerBrand Otwornica zębami 4,PMax | DiamondTools | Sprzedaż | Polska,1.0,0.0,0.0,0.0
PowerBrand Pilarka teleskopowa,(not set),1.0,0.0,0.0,0.0
PowerBrand Pilarka teleskopowa,(organic),1.0,0.0,1.0,2753.599999
PowerBrand Piła tworzyw,(organic),1.0,0.0,0.0,0.0
PowerBrand Piła tworzyw,PowerBrand-Shopping,1.0,0.0,0.0,0.0
PowerBrand Plecak roboczy,(cross-network),1.0,0.0,0.0,0.0
PowerBrand Plecak roboczy,(organic),1.0,0.0,0.0,0.0
PowerBrand Pojedynczy pasek,(referral),1.0,0.0,0.0,0.0
PowerBrand Pojedynczy pasek,PowerBrand – ElectroStore – Search Website,1.0,0.0,0.0,0.0
PowerBrand Poziomica mini,(organic),1.0,1.0,0.0,0.0
PowerBrand Poziomica mini,PowerBrand-Shopping,1.0,0.0,0.0,0.0
PowerBrand Poziomica redstick 5,PowerBrand – ElectroStore – Search Website,1.0,0.0,0.0,0.0
PowerBrand Poziomica redstick 6,PowerBrand-Shopping,1.0,0.0,0.0,0.0
PowerBrand Poziomica redstick 3,PowerBrand – ElectroStore – Search Website,1.0,0.0,0.0,0.0
PowerBrand Poziomica slim 8,PowerBrand-Shopping,1.0,0.0,0.0,0.0
PowerBrand Poziomica slim 3,PowerBrand – ElectroStore – Search Website,1.0,0.0,0.0,0.0
PowerBrand Poziomica slim 6,PowerBrand-Shopping,1.0,0.0,0.0,0.0
PowerBrand Poziomica slim,(organic),1.0,0.0,0.0,0.0
PowerBrand Poziomica slim 4,(cross-network),1.0,0.0,0.0,0.0
PowerBrand Poziomica slim 9,(organic),1.0,0.0,0.0,0.0
PowerBrand Poziomica slim 10,PowerBrand-Shopping,1.0,0.0,0.0,0.0
PowerBrand Poziomica slim 7,(organic),1.0,1.0,0.0,0.0
PowerBrand Poziomica slim 11,(organic),1.0,0.0,0.0,0.0
PowerBrand Poziomica slim 11,PowerBrand-Shopping,1.0,0.0,0.0,0.0
PowerBrand Poziomica torpedo 2,PowerBrand-Shopping,1.0,0.0,0.0,0.0
PowerBrand Poziomica torpedo 3,(organic),1.0,0.0,0.0,0.0
PowerBrand Poziomica torpedo 3,PowerBrand – ElectroStore – Search Website,1.0,0.0,0.0,0.0
PowerBrand Poziomica torpedo 3,PowerBrand-Shopping,1.0,0.0,0.0,0.0
PowerBrand Poziomica torpedo,(cross-network),1.0,0.0,0.0,0.0
PowerBrand Poziomica elektroniczna 2,(organic),1.0,0.0,0.0,0.0
PowerBrand Poziomica elektroniczna 2,PowerBrand – ElectroStore – Search Website,1.0,0.0,0.0,0.0
PowerBrand Poziomica elektroniczna,(referral),1.0,0.0,0.0,0.0
PowerBrand Poziomica magnetyczna 2,(organic),1.0,0.0,0.0,0.0
PowerBrand Poziomica magnetyczna,PowerBrand – ElectroStore – Search Website,1.0,1.0,0.0,0.0
PowerBrand Poziomica magnetyczna 3,(cross-network),1.0,0.0,0.0,0.0
PowerBrand Poziomica magnetyczna 3,(organic),1.0,0.0,0.0,0.0
PowerBrand Poziomica pocket,(cross-network),1.0,0.0,0.0,0.0
PowerBrand Poziomica pocket,PowerBrand – ElectroStore – Search Website,1.0,0.0,0.0,0.0
PowerBrand Precyzyjny wkrętak,(organic),1.0,0.0,0.0,0.0
PowerBrand Profesjonalna torba,(organic),1.0,0.0,0.0,0.0
PowerBrand Proxxon lhw,(direct),1.0,0.0,0.0,0.0
PowerBrand Proxxon lhw,(organic),1.0,0.0,0.0,0.0
PowerBrand Proxxon uchwyt,(referral),1.0,1.0,0.0,0.0
PowerBrand Przecinarka akumulatorowa,(organic),1.0,0.0,0.0,0.0
PowerBrand Przecinarka akumulatorowa,PowerBrand – ElectroStore – Search Website,1.0,0.0,0.0,0.0
PowerBrand Próbnik napięcia,PowerBrand-Shopping,1.0,0.0,0.0,0.0
PowerBrand Płyta montażowa,PowerBrand – ElectroStore – Search Website,1.0,0.0,0.0,0.0
PowerBrand Reflektor składany,(organic),1.0,0.0,0.0,0.0
PowerBrand Rękawice cut 2,PowerBrand – ElectroStore – Search Website,1.0,0.0,0.0,0.0
PowerBrand Rękawice dex,PowerBrand-Shopping,1.0,0.0,0.0,0.0
PowerBrand Rękawice dex 2,PowerBrand-Shopping,1.0,0.0,0.0,0.0
PowerBrand Rękawice dex 3,PowerBrand-Shopping,1.0,0.0,0.0,0.0
PowerBrand Rękawice całkowicie,(not set),1.0,0.0,0.0,0.0
PowerBrand Rękawice całkowicie 2,(cross-network),1.0,0.0,0.0,0.0
PowerBrand Rękawice całkowicie 3,(cross-network),1.0,0.0,0.0,0.0
PowerBrand Rękawice chemoodporne 2,(organic),1.0,0.0,0.0,0.0
PowerBrand Rękawice chemoodporne 4,(organic),1.0,0.0,0.0,0.0
PowerBrand Rękawice chemoodporne 3,(cross-network),1.0,0.0,0.0,0.0
PowerBrand Rękawice chemoodporne,(organic),1.0,0.0,0.0,0.0
PowerBrand Rękawice zastosowń 4,(organic),1.0,100.0,0.0,0.0
PowerBrand Rękawice zastosowń 4,(referral),1.0,72.0,0.0,0.0
PowerBrand Rękawice zastosowń 4,PowerBrand-Shopping,1.0,1.0,0.0,0.0
PowerBrand Rękawice ochronne 6,PowerBrand-Shopping,1.0,0.0,0.0,0.0
PowerBrand Rękawice ochronne 7,PowerBrand-Shopping,1.0,0.0,0.0,0.0
PowerBrand Rękawice ochronne 8,PowerBrand-Shopping,1.0,0.0,0.0,0.0
PowerBrand Rękawice odporne 8,(direct),1.0,12.0,12.0,166.56
PowerBrand Rękawice odporne 8,(referral),1.0,12.0,12.0,166.560008
PowerBrand Rękawice odporne 8,PowerBrand – ElectroStore – Search Website,1.0,0.0,0.0,0.0
PowerBrand Rękawice odporne 15,PowerBrand – ElectroStore – Search Website,1.0,0.0,0.0,0.0
PowerBrand Rękawice odporne 5,(cross-network),1.0,0.0,0.0,0.0
PowerBrand Rękawice odporne 20,PowerBrand-Shopping,1.0,0.0,0.0,0.0
PowerBrand Rękawice odporne 21,PowerBrand – ElectroStore – Search Website,1.0,0.0,0.0,0.0
PowerBrand Rękawice odporne 22,PowerBrand-Shopping,1.0,0.0,0.0,0.0
PowerBrand Rękawice odporne 23,PowerBrand-Shopping,1.0,0.0,0.0,0.0
PowerBrand Rękawice odporne 24,PowerBrand-Shopping,1.0,0.0,0.0,0.0
PowerBrand Rękawice odporne 18,(cross-network),1.0,0.0,0.0,0.0
PowerBrand Rękawice odporne 25,PowerBrand-Shopping,1.0,0.0,0.0,0.0
PowerBrand Rękawice odporne 26,PowerBrand-Shopping,1.0,0.0,0.0,0.0
PowerBrand Rękawice odporne 4,PowerBrand – ElectroStore – Search Website,1.0,0.0,0.0,0.0
PowerBrand Rękawice odporne 2,PowerBrand – ElectroStore – Search Website,1.0,0.0,0.0,0.0
PowerBrand Rękawice odporne 3,(cross-network),1.0,0.0,0.0,0.0
PowerBrand Rękawice odporne 3,(organic),1.0,0.0,0.0,0.0
PowerBrand Rękawice robocze 2,(cross-network),1.0,0.0,0.0,0.0
PowerBrand Rękawice robocze 2,PowerBrand – ElectroStore – Search Website,1.0,0.0,0.0,0.0
PowerBrand Rękawice robocze,(cross-network),1.0,0.0,0.0,0.0
PowerBrand Rękawice robocze 3,PowerBrand-Shopping,1.0,0.0,0.0,0.0
PowerBrand Rękawice robocze 4,PowerBrand-Shopping,1.0,0.0,0.0,0.0
PowerBrand Rękawice skórzane 3,PowerBrand – ElectroStore – Search Website,1.0,0.0,0.0,0.0
PowerBrand Rękawice skórzane,(cross-network),1.0,0.0,0.0,0.0
PowerBrand Rękawice skórzane,(direct),1.0,0.0,0.0,0.0
PowerBrand Rękawice skórzane 6,PowerBrand – ElectroStore – Search Website,1.0,0.0,0.0,0.0
PowerBrand Rękawice skórzane 4,PowerBrand – ElectroStore – Search Website,1.0,0.0,0.0,0.0
PowerBrand Rękawice zimowe 4,PowerBrand-Shopping,1.0,0.0,0.0,0.0
PowerBrand Rękawice zimowe 2,(cross-network),1.0,1.0,1.0,93.200002
PowerBrand Rękawice zimowe 5,(cross-network),1.0,0.0,0.0,0.0
PowerBrand Rękawice zimowe 5,PowerBrand-Shopping,1.0,0.0,0.0,0.0
PowerBrand Rękawice zimowe 6,PowerBrand-Shopping,1.0,0.0,0.0,0.0
PowerBrand Sds max 4,(referral),1.0,0.0,0.0,0.0
PowerBrand Sds plus 3,(not set),1.0,0.0,0.0,0.0
PowerBrand Spodnie robocze 4,(cross-network),1.0,0.0,0.0,0.0
PowerBrand Spodnie robocze 3,(organic),1.0,0.0,0.0,0.0
PowerBrand Spodnie robocze 5,(organic),1.0,0.0,0.0,0.0
PowerBrand Skoczek akumulatorowa,(direct),1.0,0.0,0.0,0.0
PowerBrand Skrzynia 2,(not set),1.0,0.0,0.0,0.0
PowerBrand Skrzynia 2,PowerBrand – ElectroStore – Search Website,1.0,0.0,0.0,0.0
PowerBrand Skrzynia kołach,PowerBrand – ElectroStore – Search Website,1.0,0.0,0.0,0.0
PowerBrand Skrzynia szufladami 2,(organic),1.0,2.0,0.0,0.0
PowerBrand Skrzynia szufladami 4,(organic),1.0,0.0,0.0,0.0
PowerBrand Skrzynia narzędziowa 2,(referral),1.0,0.0,0.0,0.0
PowerBrand Skrzynia narzędziowa 2,PowerBrand – ElectroStore – Search Website,1.0,0.0,0.0,0.0
PowerBrand Skrzynia narzędziowa,(organic),1.0,2.0,0.0,0.0
PowerBrand Składana piła,(referral),1.0,0.0,0.0,0.0
PowerBrand Składana piła 2,(referral),1.0,0.0,0.0,0.0
PowerBrand Spodnie robocze,(organic),1.0,0.0,0.0,0.0
PowerBrand Spodnie robocze,PowerBrand – ElectroStore – Search Website,1.0,0.0,0.0,0.0
PowerBrand Subkompaktowa wiertarko 6,PowerBrand-Shopping,1.0,0.0,0.0,0.0
PowerBrand Subkompaktowa wiertarko 6,PMax | DiamondTools | Sprzedaż | Polska,1.0,0.0,0.0,0.0
PowerBrand System montażu,PowerBrand – ElectroStore – Search Website,1.0,0.0,0.0,0.0
PowerBrand Szafka,DiamondTools rabat,1.0,0.0,0.0,0.0
PowerBrand Szczypce długie 2,PowerBrand-Shopping,1.0,0.0,0.0,0.0
PowerBrand Szczypce nastawne,(cross-network),1.0,0.0,0.0,0.0
PowerBrand Szczypce nastawne,(not set),1.0,0.0,0.0,0.0
PowerBrand Szczypce nastawne 2,(referral),1.0,0.0,0.0,0.0
PowerBrand Szczypce zaciskowe 3,PowerBrand-Shopping,1.0,0.0,0.0,0.0
PowerBrand Szlifierka kątowa 14,(cross-network),1.0,0.0,0.0,0.0
PowerBrand Szlifierka kątowa 14,(direct),1.0,0.0,0.0,0.0
PowerBrand Szlifierka kątowa 15,(not set),1.0,0.0,0.0,0.0
PowerBrand Szlifierka kątowa 22,PowerBrand – ElectroStore – Search Website,1.0,0.0,0.0,0.0
PowerBrand Szlifierka kątowa 23,PowerBrand-Shopping,1.0,0.0,0.0,0.0
PowerBrand Szlifierka kątowa 9,(organic),1.0,0.0,0.0,0.0
PowerBrand Szlifierka kątowa 24,(direct),1.0,0.0,0.0,0.0
PowerBrand Szlifierka kątowa 19,(direct),1.0,0.0,0.0,0.0
PowerBrand Shirt roboczy,(organic),1.0,0.0,0.0,0.0
PowerBrand Impact bit 4,(cross-network),1.0,0.0,0.0,0.0
PowerBrand Impact bit 4,PowerBrand-Shopping,1.0,0.0,0.0,0.0
PowerBrand Impact bit,(organic),1.0,0.0,0.0,0.0
PowerBrand Impact bit 3,(organic),1.0,0.0,0.0,0.0
PowerBrand Tarcza diamentowa 3,(direct),1.0,0.0,0.0,0.0
DiamondTools Tarcza diamentowa,(cross-network),1.0,0.0,0.0,0.0
DiamondTools Tarcza diamentowa 4,(organic),1.0,0.0,0.0,0.0
PowerBrand Tarcza diamentowa,(cross-network),1.0,0.0,0.0,0.0
PowerBrand Tarcza diamentowa 4,PowerBrand-Shopping,1.0,0.0,0.0,0.0
PowerBrand Tarcza diamentowa 5,PowerBrand-Shopping,1.0,0.0,0.0,0.0
PowerBrand Tarcza diamentowa 2,(organic),1.0,0.0,0.0,0.0
PowerBrand Tarcza diamentowa 2,PowerBrand-Shopping,1.0,0.0,0.0,0.0
PowerBrand Tarcza garnkowa 2,(cross-network),1.0,0.0,0.0,0.0
PowerBrand Tarcza listkowe 3,(organic),1.0,0.0,0.0,0.0
PowerBrand Tarcza listkowe 4,(cross-network),1.0,0.0,0.0,0.0
PowerBrand Tarcza listkowe 4,PowerBrand – ElectroStore – Search Website,1.0,0.0,0.0,0.0
PowerBrand Tarcza listkowe 2,(cross-network),1.0,0.0,0.0,0.0
PowerBrand Tarcza listkowe 2,PMax | DiamondTools | Sprzedaż | Polska,1.0,0.0,0.0,0.0
PowerBrand Tarcza pilarska 23,(organic),1.0,0.0,0.0,0.0
PowerBrand Tarcza pilarska 9,(cross-network),1.0,0.0,0.0,0.0
PowerBrand Tarcza pilarska 28,PowerBrand-Shopping,1.0,0.0,0.0,0.0
PowerBrand Tarcza pilarska,(organic),1.0,0.0,0.0,0.0
PowerBrand Tarcza pilarska,PowerBrand – ElectroStore – Search Website,1.0,0.0,0.0,0.0
PowerBrand Tarcza pilarska 4,(cross-network),1.0,0.0,0.0,0.0
PowerBrand Tarcza pilarska 4,(organic),1.0,0.0,0.0,0.0
PowerBrand Tarcza pilarska 4,DiamondTools rabat,1.0,0.0,0.0,0.0
PowerBrand Tarcza pilarska 20,(organic),1.0,0.0,0.0,0.0
PowerBrand Tarcza pilarska 13,DiamondTools rabat,1.0,0.0,0.0,0.0
PowerBrand Tarcza pilarska 16,DiamondTools rabat,1.0,0.0,0.0,0.0
PowerBrand Tarcza pilarska 29,(organic),1.0,0.0,0.0,0.0
PowerBrand Tarcza pilarska 29,PowerBrand-Shopping,1.0,0.0,0.0,0.0
PowerBrand Tarcza pilarska 24,PowerBrand-Shopping,1.0,0.0,0.0,0.0
PowerBrand Tarcza pilarska 22,(organic),1.0,0.0,0.0,0.0
PowerBrand Tarcza pilarska 26,(direct),1.0,0.0,0.0,0.0
PowerBrand Tarcza tnąca 4,(not set),1.0,0.0,0.0,0.0
PowerBrand Tarcza tnąca 4,(referral),1.0,3.0,0.0,0.0
PowerBrand Tarcza tnąca,(cross-network),1.0,0.0,0.0,0.0
PowerBrand Tarcza tnąca,PowerBrand – ElectroStore – Search Website,1.0,0.0,0.0,0.0
PowerBrand Tarcza tnąca 5,PowerBrand – ElectroStore – Search Website,1.0,0.0,0.0,0.0
PowerBrand Tarcza tnąca 5,PowerBrand-Shopping,1.0,0.0,0.0,0.0
PowerBrand Tarcza tnąca 2,(cross-network),1.0,0.0,0.0,0.0
PowerBrand Taśma miernicza,(cross-network),1.0,0.0,0.0,0.0
PowerBrand Taśma miernicza,(organic),1.0,0.0,0.0,0.0
PowerBrand Taśma miernicza 6,PowerBrand-Shopping,1.0,0.0,0.0,0.0
PowerBrand Taśma miernicza 2,(cross-network),1.0,0.0,0.0,0.0
PowerBrand Taśma miernicza 7,PowerBrand-Shopping,1.0,0.0,0.0,0.0
PowerBrand Taśma miernicza 8,(organic),1.0,0.0,0.0,0.0
PowerBrand Taśma miernicza 9,PowerBrand-Shopping,1.0,0.0,0.0,0.0
PowerBrand Torba 2,PowerBrand – ElectroStore – Search Website,1.0,0.0,0.0,0.0
PowerBrand Torba przenoszenia,(referral),1.0,0.0,0.0,0.0
PowerBrand Torba przenoszenia,PowerBrand – ElectroStore – Search Website,1.0,0.0,0.0,0.0
PowerBrand Udarowe piła,(cross-network),1.0,0.0,0.0,0.0
PowerBrand Udarowe piła,(direct),1.0,0.0,0.0,0.0
PowerBrand Uchwyt kubełkowy,PowerBrand – ElectroStore – Search Website,1.0,0.0,0.0,0.0
PowerBrand Uchwyt narzędzia,(not set),1.0,0.0,0.0,0.0
PowerBrand Uchwyt szczypce,PowerBrand – ElectroStore – Search Website,1.0,0.0,0.0,0.0
PowerBrand Uchwyt wiertarki,PowerBrand – ElectroStore – Search Website,1.0,0.0,0.0,0.0
PowerBrand Uchwyt wkrętaki,PMax | DiamondTools | Sprzedaż | Polska,1.0,0.0,0.0,0.0
PowerBrand Uchwyty bitów 3,(cross-network),1.0,0.0,0.0,0.0
PowerBrand Uchwyty bitów 3,PowerBrand-Shopping,1.0,0.0,0.0,0.0
PowerBrand Uchwyty bitów,PowerBrand – ElectroStore – Search Website,1.0,0.0,0.0,0.0
PowerBrand Uchwyty akumulatory,(not set),1.0,0.0,0.0,0.0
PowerBrand Uniwersalna walizka,(direct),1.0,1.0,0.0,0.0
PowerBrand Uniwersalna walizka,DiamondTools rabat,1.0,0.0,0.0,0.0
PowerBrand Uniwersalny wkrętak,DiamondTools rabat,1.0,0.0,0.0,0.0
PowerBrand Uniwersalny wkrętak 2,(organic),1.0,0.0,0.0,0.0
PowerBrand Uniwersalny wkrętak 2,PowerBrand-Shopping,1.0,0.0,0.0,0.0
PowerBrand Uniwersalny wkrętak 3,(organic),1.0,0.0,0.0,0.0
PowerBrand Uniwersalny wkrętak 4,DiamondTools rabat,1.0,0.0,0.0,0.0
PowerBrand Workskin koszulka,PowerBrand – ElectroStore – Search Website,1.0,0.0,0.0,0.0
PowerBrand Workskin koszulka 2,PowerBrand – ElectroStore – Search Website,1.0,0.0,0.0,0.0
PowerBrand Wussow ‑xl,(direct),1.0,0.0,0.0,0.0
PowerBrand Wiertarko wkrętarka 2,(ai-assistant),1.0,0.0,0.0,0.0
PowerBrand Wiertarko wkrętarka 2,Shopping Free Listings,1.0,0.0,0.0,0.0
PowerBrand Wiertło metalu 4,PowerBrand – ElectroStore – Search Website,1.0,0.0,0.0,0.0
PowerBrand Wiertło metalu 5,PowerBrand – ElectroStore – Search Website,1.0,0.0,0.0,0.0
PowerBrand Wiertło sds 5,PowerBrand-Shopping,1.0,0.0,0.0,0.0
PowerBrand Wiertło sds 6,(referral),1.0,0.0,0.0,0.0
PowerBrand Wiertło sds 7,PowerBrand – ElectroStore – Search Website,1.0,0.0,0.0,0.0
PowerBrand Wiertło sds 8,PowerBrand – ElectroStore – Search Website,1.0,0.0,0.0,0.0
PowerBrand Wiertło sds 9,PowerBrand-Shopping,1.0,0.0,0.0,0.0
PowerBrand Wiertło sds 10,PowerBrand-Shopping,1.0,0.0,0.0,0.0
PowerBrand Wiertło sds 11,PowerBrand – ElectroStore – Search Website,1.0,0.0,0.0,0.0
PowerBrand Wiertło sds 12,PowerBrand-Shopping,1.0,0.0,0.0,0.0
PowerBrand Wiertło sds 13,PowerBrand-Shopping,1.0,0.0,0.0,0.0
PowerBrand Wiertło sds 14,PowerBrand-Shopping,1.0,0.0,0.0,0.0
PowerBrand Wiertło sds 15,(cross-network),1.0,0.0,0.0,0.0
PowerBrand Wiertło sds 16,PowerBrand – ElectroStore – Search Website,1.0,0.0,0.0,0.0
PowerBrand Wiertło sds 17,PowerBrand – ElectroStore – Search Website,1.0,0.0,0.0,0.0
PowerBrand Wiertło sds 17,PowerBrand-Shopping,1.0,0.0,0.0,0.0
PowerBrand Wiertło sds 18,PowerBrand – ElectroStore – Search Website,1.0,0.0,0.0,0.0
PowerBrand Wiertło sds 19,PowerBrand-Shopping,1.0,0.0,0.0,0.0
PowerBrand Wiertło metalu 6,(referral),1.0,0.0,0.0,0.0
PowerBrand Wiertło metalu 7,PowerBrand – ElectroStore – Search Website,1.0,0.0,0.0,0.0
PowerBrand Wiertło metalu 8,PowerBrand – ElectroStore – Search Website,1.0,0.0,0.0,0.0
PowerBrand Wiertło metalu 9,PowerBrand – ElectroStore – Search Website,1.0,0.0,0.0,0.0
PowerBrand Wiertło metalu 10,(referral),1.0,0.0,0.0,0.0
PowerBrand Wiertło metalu 10,PowerBrand – ElectroStore – Search Website,1.0,0.0,0.0,0.0
PowerBrand Wiertło płytek 3,(cross-network),1.0,0.0,0.0,0.0
PowerBrand Wiertło płytek 2,(cross-network),1.0,0.0,0.0,0.0
PowerBrand Wiertło płytek,(organic),1.0,0.0,0.0,0.0
PowerBrand Wiertło kręte,PowerBrand-Shopping,1.0,0.0,0.0,0.0
PowerBrand Wiertło piórowe,(cross-network),1.0,0.0,0.0,0.0
PowerBrand Wiertło piórowe 3,PowerBrand-Shopping,1.0,0.0,0.0,0.0
PowerBrand Wiertło piórowe 4,PowerBrand-Shopping,1.0,0.0,0.0,0.0
PowerBrand Wiertło piórowe 5,PowerBrand-Shopping,1.0,0.0,0.0,0.0
PowerBrand Wiertło puszkowe,(referral),1.0,0.0,0.0,0.0
PowerBrand Wiertło uniwersalne 9,PowerBrand-Shopping,1.0,0.0,4.0,84.639999
PowerBrand Wiertło uniwersalne,(organic),1.0,0.0,0.0,0.0
PowerBrand Wiertło uniwersalne 3,(cross-network),1.0,0.0,0.0,0.0
PowerBrand Wiertło uniwersalne 3,(organic),1.0,0.0,0.0,0.0
PowerBrand Wkrętak izolowany 3,PowerBrand – ElectroStore – Search Website,1.0,0.0,0.0,0.0
PowerBrand Wkrętak izolowany 4,(referral),1.0,1.0,1.0,27.429999
PowerBrand Wkrętak izolowany 4,PowerBrand-Shopping,1.0,0.0,0.0,0.0
PowerBrand Wkrętak izolowany 5,PowerBrand-Shopping,1.0,0.0,0.0,0.0
PowerBrand Wkrętak krzyżowy 3,(cross-network),1.0,0.0,0.0,0.0
PowerBrand Wkrętak krzyżowy 2,(cross-network),1.0,0.0,0.0,0.0
PowerBrand Wkrętak krzyżowy 5,DiamondTools rabat,1.0,0.0,0.0,0.0
PowerBrand Wkrętak krzyżowy 6,(cross-network),1.0,0.0,0.0,0.0
PowerBrand Wkrętak krzyżowy 8,PowerBrand-Shopping,1.0,0.0,0.0,0.0
PowerBrand Wkrętak krzyżowy 9,PowerBrand-Shopping,1.0,0.0,0.0,0.0
PowerBrand Wkrętak płaski 4,PowerBrand-Shopping,1.0,0.0,0.0,0.0
PowerBrand Wkrętak płaski 5,(organic),1.0,0.0,0.0,0.0
PowerBrand Wkrętak płaski,(organic),1.0,0.0,0.0,0.0
PowerBrand Wkrętak płaski 6,PowerBrand-Shopping,1.0,0.0,0.0,0.0
PowerBrand Wkrętak płaski 7,PowerBrand-Shopping,1.0,0.0,0.0,0.0
PowerBrand Wkrętak płaski 8,PowerBrand-Shopping,1.0,0.0,0.0,0.0
PowerBrand Wkrętak torx 7,PowerBrand-Shopping,1.0,0.0,0.0,0.0
PowerBrand Wkrętak torx 2,(not set),1.0,0.0,0.0,0.0
PowerBrand Wkrętak torx 3,(cross-network),1.0,0.0,0.0,0.0
PowerBrand Wkrętak torx 8,PowerBrand-Shopping,1.0,0.0,0.0,0.0
PowerBrand Wkrętak torx,(cross-network),1.0,0.0,0.0,0.0
PowerBrand Wkrętaki izolowane 2,(cross-network),1.0,0.0,0.0,0.0
PowerBrand Wkrętaki izolowane 2,(not set),1.0,0.0,0.0,0.0
PowerBrand Wkrętaki izolowane 2,(referral),1.0,0.0,0.0,0.0
PowerBrand Wkrętaki izolowane 2,PowerBrand – ElectroStore – Search Website,1.0,0.0,0.0,0.0
PowerBrand Wkrętaki izolowane 3,(referral),1.0,0.0,0.0,0.0
PowerBrand Wkrętaki precyzyjne,PowerBrand – ElectroStore – Search Website,1.0,0.0,0.0,0.0
PowerBrand Wkładka piankowa 5,PowerBrand – ElectroStore – Search Website,1.0,0.0,0.0,0.0
PowerBrand Wkładka piankowa 4,PowerBrand-Shopping,1.0,0.0,0.0,0.0
PowerBrand Wkładka piankowa,(cross-network),1.0,0.0,0.0,0.0
PowerBrand Wkładka piankowa,(organic),1.0,0.0,0.0,0.0
PowerBrand Wkładka piankowa 6,(organic),1.0,0.0,0.0,0.0
PowerBrand Wkładka piankowa 6,PowerBrand – ElectroStore – Search Website,1.0,0.0,0.0,0.0
PowerBrand Wkładka piankowa 7,PowerBrand – ElectroStore – Search Website,1.0,0.0,0.0,0.0
PowerBrand Wkładka piankowa 2,(cross-network),1.0,0.0,0.0,0.0
PowerBrand Wkładka piankowa 2,(organic),1.0,0.0,0.0,0.0
PowerBrand Wkładka piankowa 2,(referral),1.0,0.0,0.0,0.0
PowerBrand Wkładka piankowa 8,PowerBrand – ElectroStore – Search Website,1.0,0.0,0.0,0.0
PowerBrand Wkładka piankowa 9,PowerBrand – ElectroStore – Search Website,1.0,0.0,0.0,0.0
PowerBrand Wkłady piankowe,PowerBrand – ElectroStore – Search Website,1.0,0.0,0.0,0.0
PowerBrand Wkłady piankowe 2,PMax | DiamondTools | Sprzedaż | Polska,1.0,0.0,0.0,0.0
PowerBrand Wózek,(organic),1.0,1.0,0.0,0.0
PowerBrand Wózek młota,PowerBrand – ElectroStore – Search Website,1.0,0.0,0.0,0.0
PowerBrand Zatyczki uszu,(organic),1.0,0.0,0.0,0.0
PowerBrand Zatyczki uszu,(referral),1.0,0.0,0.0,0.0
PowerBrand Zestaw wierteł 6,PowerBrand – ElectroStore – Search Website,1.0,0.0,0.0,0.0
PowerBrand Zestaw bitów 9,(referral),1.0,0.0,0.0,0.0
PowerBrand Zestaw bitów 4,(referral),1.0,0.0,0.0,0.0
PowerBrand Zestaw bitów 8,(cross-network),1.0,0.0,0.0,0.0
PowerBrand Zestaw bitów 8,PowerBrand-Shopping,1.0,0.0,0.0,0.0
PowerBrand Zestaw bitów 7,(referral),1.0,0.0,0.0,0.0
PowerBrand Zestaw bitów 10,(referral),1.0,0.0,0.0,0.0
PowerBrand Zestaw dłut,PowerBrand-Shopping,1.0,0.0,0.0,0.0
PowerBrand Zestaw fazowników,(referral),1.0,0.0,0.0,0.0
PowerBrand Zestaw fazowników,PowerBrand – ElectroStore – Search Website,1.0,0.0,0.0,0.0
PowerBrand Zestaw grotów,(not set),1.0,0.0,0.0,0.0
PowerBrand Zestaw kluczy 4,(organic),1.0,0.0,0.0,0.0
PowerBrand Zestaw kluczy 4,PowerBrand-Shopping,1.0,0.0,0.0,0.0
PowerBrand Zestaw kluczy,(cross-network),1.0,0.0,0.0,0.0
PowerBrand Zestaw kluczy,(organic),1.0,0.0,0.0,0.0
PowerBrand Zestaw kluczy,PowerBrand – ElectroStore – Search Website,1.0,0.0,0.0,0.0
PowerBrand Zestaw miara,(not set),1.0,0.0,0.0,0.0
PowerBrand Zestaw nasadek 5,(organic),1.0,0.0,0.0,0.0
PowerBrand Zestaw nasadek 5,(referral),1.0,0.0,0.0,0.0
PowerBrand Zestaw nasadek 5,PowerBrand – ElectroStore – Search Website,1.0,0.0,0.0,0.0
PowerBrand Zestaw nasadek 5,PowerBrand-Shopping,1.0,0.0,0.0,0.0
PowerBrand Zestaw nasadek 6,(referral),1.0,0.0,0.0,0.0
PowerBrand Zestaw nasadek 6,PowerBrand-Shopping,1.0,0.0,0.0,0.0
PowerBrand Zestaw nasadek 3,(referral),1.0,0.0,0.0,0.0
PowerBrand Zestaw nasadek 3,PowerBrand – ElectroStore – Search Website,1.0,0.0,0.0,0.0
PowerBrand Zestaw nasadek 3,aku,1.0,0.0,0.0,0.0
PowerBrand Zestaw nasadek,(not set),1.0,0.0,0.0,0.0
PowerBrand Zestaw nasadek,(organic),1.0,0.0,0.0,0.0
PowerBrand Zestaw nasadek,(referral),1.0,0.0,0.0,0.0
PowerBrand Zestaw nożyc,PowerBrand – ElectroStore – Search Website,1.0,0.0,0.0,0.0
PowerBrand Zestaw otwornic,PMax | DiamondTools | Sprzedaż | Polska,1.0,0.0,0.0,0.0
PowerBrand Zestaw otwornic 5,PowerBrand – ElectroStore – Search Website,1.0,0.0,0.0,0.0
PowerBrand Zestaw otwornic 5,PowerBrand-Shopping,1.0,0.0,0.0,0.0
PowerBrand Zestaw szczypiec 2,(organic),1.0,0.0,0.0,0.0
PowerBrand Zestaw udarowa,PowerBrand – ElectroStore – Search Website,1.0,0.0,0.0,0.0
PowerBrand Zestaw wierteł 2,(direct),1.0,1.0,1.0,90.179999
PowerBrand Zestaw wierteł 5,(organic),1.0,0.0,0.0,0.0
PowerBrand Zestaw wkrętaków 5,(cross-network),1.0,0.0,0.0,0.0
PowerBrand Zestaw wkrętaków 5,PowerBrand-Shopping,1.0,0.0,0.0,0.0
PowerBrand Zestaw wkrętaków 3,(cross-network),1.0,0.0,0.0,0.0
PowerBrand Zestaw wkrętaków,(referral),1.0,0.0,0.0,0.0
PowerBrand Zestaw wkrętaków 6,PowerBrand – ElectroStore – Search Website,1.0,0.0,0.0,0.0
PowerBrand Zestaw grzechotka,(referral),1.0,0.0,0.0,0.0
PowerBrand Zestawy bitów,(referral),1.0,0.0,0.0,0.0
PowerBrand Zestawy bitów,PowerBrand – ElectroStore – Search Website,1.0,0.0,0.0,0.0
PowerBrand Zestawy brzeszczotów,PowerBrand – ElectroStore – Search Website,1.0,0.0,0.0,0.0
PowerBrand Kosiarka akumulatorowa,(direct),1.0,0.0,0.0,0.0
PowerBrand Nóż składany 3,(cross-network),1.0,0.0,0.0,0.0
PowerBrand Nóż ostrzem,(organic),1.0,0.0,0.0,0.0
PowerBrand Nóż ostrzem,PowerBrand – ElectroStore – Search Website,1.0,0.0,0.0,0.0
PowerBrand Nóż ostrzem,PowerBrand-Shopping,1.0,0.0,0.0,0.0
PowerBrand Pianki pamięcią,(organic),1.0,0.0,0.0,0.0
PowerBrand Pianki pamięcią 2,(organic),1.0,0.0,0.0,0.0
PowerBrand Łapka precyzyjna,(cross-network),1.0,0.0,0.0,0.0
PowerBrand Łapka precyzyjna,(organic),1.0,0.0,0.0,0.0
PowerBrand Łańcuch foph,PowerBrand-Shopping,1.0,0.0,0.0,0.0
PowerBrand Łańcuch,(referral),1.0,0.0,0.0,0.0
PowerBrand Łom,(cross-network),1.0,0.0,0.0,0.0
PowerBrand Ściagacz izolacji,PowerBrand – ElectroStore – Search Website,1.0,0.0,0.0,0.0
PowerBrand Żyłka,PowerBrand – ElectroStore – Search Website,1.0,0.0,0.0,0.0
PowerBrand Żyłka 2,(organic),1.0,0.0,0.0,0.0
PowerBrand Żyłka 2,(referral),1.0,0.0,0.0,0.0
PowerBrand Adaptery nasadek,PowerBrand-Shopping,0.0,1.0,1.0,40.329999
PowerBrand Bity udarowe 14,PowerBrand – ElectroStore – Search Website,0.0,2.0,0.0,0.0
PowerBrand Bity udarowe 18,PowerBrand – ElectroStore – Search Website,0.0,2.0,0.0,0.0
PowerBrand Brzeszczot wyrzynarki 7,(referral),0.0,2.0,0.0,0.0
PowerBrand Brzeszczot wyrzynarki 16,(referral),0.0,1.0,0.0,0.0
PowerBrand Brzeszczot wyrzynarki 8,(referral),0.0,3.0,0.0,0.0
PowerBrand Buty robocze 5,PowerBrand – ElectroStore – Search Website,0.0,2.0,0.0,0.0
PowerBrand Buty robocze 6,PowerBrand – ElectroStore – Search Website,0.0,1.0,0.0,0.0
PowerBrand Buty robocze 9,(organic),0.0,1.0,0.0,0.0
PowerBrand Buty robocze 33,(organic),0.0,1.0,0.0,0.0
PowerBrand Buty robocze 40,PowerBrand-Shopping,0.0,1.0,0.0,0.0
PowerBrand Buty robocze 14,(organic),0.0,1.0,0.0,0.0
PowerBrand Czapka daszkiem 4,(referral),0.0,3.0,0.0,0.0
DiamondTools Mechanic firefly,(referral),0.0,0.0,1.0,75.76
DiamondTools Galaxy tarcza,(referral),0.0,1.0,1.0,272.879999
DiamondTools Edge tarcza 2,(direct),0.0,1.0,1.0,367.19
DiamondTools Cover osłona,(organic),0.0,1.0,0.0,0.0
DiamondTools Butterfly diamentowa,PMax | DiamondTools | Sprzedaż | Polska,0.0,1.0,0.0,0.0
DiamondTools Dds unc 4,PMax | DiamondTools | Sprzedaż | Polska,0.0,1.0,1.0,146.819999
DiamondTools Dds wiertło 5,(direct),0.0,1.0,0.0,0.0
DiamondTools Dds koronka,(not set),0.0,0.0,1.0,265.97
DiamondTools Diamentowa tarcza,PMax | DiamondTools | Sprzedaż | Polska,0.0,3.0,0.0,0.0
DiamondTools Edge dry 2,(direct),0.0,0.0,1.0,198.609999
DiamondTools Mastercut diamentowa,PMax | DiamondTools | Sprzedaż | Polska,0.0,5.0,0.0,0.0
DiamondTools Shine wyjątkowo,(direct),0.0,1.0,0.0,0.0
DiamondTools Tarcza diamentowa 5,(direct),0.0,2.0,0.0,0.0
PowerBrand Hogert latarka,(direct),0.0,1.0,0.0,0.0
PowerBrand Hogert latarka 3,(direct),0.0,1.0,0.0,0.0
PowerBrand Hogert lampa,PowerBrand-Shopping,0.0,1.0,1.0,44.280001
PowerBrand Hogert lampa 2,PowerBrand-Shopping,0.0,1.0,1.0,47.450001
PowerBrand Hogert kieszenie,PowerBrand-Shopping,0.0,1.0,1.0,22.619999
PowerBrand Högert latarka,PowerBrand-Shopping,0.0,1.0,1.0,53.770001
PowerBrand Inkzall olejowy 2,PowerBrand – ElectroStore – Search Website,0.0,18.0,11.0,213.950016
PowerBrand Akumulatorowa szlifierka 4,PowerBrand – ElectroStore – Search Website,0.0,1.0,0.0,0.0
PowerBrand Pilnik taśmowy 2,(organic),0.0,1.0,0.0,0.0
PowerBrand High output,(direct),0.0,1.0,0.0,0.0
PowerBrand Szlifierka kątowa 6,(not set),0.0,1.0,0.0,0.0
PowerBrand Akumulator high 3,(organic),0.0,1.0,0.0,0.0
PowerBrand Mechanic socketduster,(ai-assistant),0.0,0.0,1.0,64.3
PowerBrand Metabo stb,(organic),0.0,1.0,0.0,0.0
PowerBrand Miara składana 3,(organic),0.0,2.0,2.0,41.580002
PowerBrand Adapter hex,(referral),0.0,1.0,0.0,0.0
PowerBrand Inkzall markery,(referral),0.0,1.0,0.0,0.0
PowerBrand Inkzall markery,PowerBrand-Shopping,0.0,1.0,1.0,18.729999
PowerBrand Twardy futerał,PowerBrand-Shopping,0.0,1.0,1.0,31.640002
PowerBrand Butelka termiczna 5,(organic),0.0,1.0,0.0,0.0
PowerBrand Nóż multifunkcyjny,Shopping Free Listings,0.0,0.0,2.0,101.780002
PowerBrand Inkzall marker,(direct),0.0,1.0,1.0,4.439999
PowerBrand Pilarka tarczowa 2,(referral),0.0,1.0,0.0,0.0
PowerBrand Grzechotka zwiększonym,(organic),0.0,1.0,0.0,0.0
PowerBrand Blswp hydropass,(organic),0.0,1.0,0.0,0.0
PowerBrand Chm‑ młot,PowerBrand – ElectroStore – Search Website,0.0,2.0,0.0,0.0
PowerBrand Młotowiertarka sds 5,(direct),0.0,1.0,0.0,0.0
PowerBrand Szlifierka kątowa 7,(direct),0.0,1.0,0.0,0.0
PowerBrand Foph bba,PowerBrand – ElectroStore – Search Website,0.0,1.0,0.0,0.0
PowerBrand Fsz akumulatorowa,(organic),0.0,1.0,0.0,0.0
PowerBrand Młot wiercąco 2,(organic),0.0,1.0,0.0,0.0
PowerBrand Młotek ślusarski 2,(organic),0.0,1.0,0.0,0.0
PowerBrand Młotek ślusarski 3,PowerBrand – ElectroStore – Search Website,0.0,1.0,1.0,102.960002
PowerBrand Nóż składany 6,(referral),0.0,1.0,0.0,0.0
PowerBrand Nóż wymienny,(referral),0.0,1.0,1.0,70.289998
PowerBrand Nóż metalowym,(direct),0.0,1.0,1.0,66.599998
PowerBrand Nóż metalowym,(organic),0.0,1.0,0.0,0.0
PowerBrand Okulary ochronne 3,(organic),0.0,1.0,0.0,0.0
PowerBrand Okulary ochronne 5,(direct),0.0,1.0,1.0,30.749999
PowerBrand Okulary ochronne 5,(organic),0.0,3.0,3.0,92.250003
PowerBrand Organizer narzędziowy,(organic),0.0,1.0,0.0,0.0
PowerBrand Pistolet przedmuchiwania,(organic),0.0,1.0,0.0,0.0
PowerBrand Poziomica slim 2,PowerBrand – ElectroStore – Search Website,0.0,2.0,0.0,0.0
PowerBrand Poziomica slim 9,PowerBrand – ElectroStore – Search Website,0.0,1.0,0.0,0.0
PowerBrand Poziomica slim 9,PowerBrand-Shopping,0.0,0.0,1.0,91.08
PowerBrand Poziomica slim 10,PowerBrand – ElectroStore – Search Website,0.0,1.0,0.0,0.0
PowerBrand Poziomica magnetyczna 2,PowerBrand – ElectroStore – Search Website,0.0,1.0,0.0,0.0
PowerBrand Poziomica magnetyczna 3,PowerBrand – ElectroStore – Search Website,0.0,1.0,0.0,0.0
PowerBrand Płyta montażowa 2,PowerBrand – ElectroStore – Search Website,0.0,0.0,1.0,154.610002
PowerBrand Rękawice chemoodporne,PowerBrand – ElectroStore – Search Website,0.0,1.0,1.0,62.210001
PowerBrand Rękawice zastosowń 2,PowerBrand – ElectroStore – Search Website,0.0,5.0,0.0,0.0
PowerBrand Rękawice odporne,PowerBrand – ElectroStore – Search Website,0.0,1.0,0.0,0.0
PowerBrand Rękawice odporne 8,(organic),0.0,12.0,0.0,0.0
PowerBrand Rękawice odporne 5,PowerBrand – ElectroStore – Search Website,0.0,10.0,10.0,138.899986
PowerBrand Rękawice odporne 24,PowerBrand – ElectroStore – Search Website,0.0,1.0,1.0,58.360002
PowerBrand Sds plus 3,(referral),0.0,1.0,0.0,0.0
PowerBrand Skrzynia szufladami 3,(organic),0.0,1.0,0.0,0.0
PowerBrand Szczypce nastawne 5,PowerBrand – ElectroStore – Search Website,0.0,1.0,0.0,0.0
PowerBrand Impact bit 2,(referral),0.0,1.0,1.0,41.909999
DiamondTools Tarcza diamentowa 2,(direct),0.0,2.0,1.0,168.819999
PowerBrand Tarcza diamentowa,(direct),0.0,1.0,0.0,0.0
PowerBrand Tarcza pilarska 3,PowerBrand – ElectroStore – Search Website,0.0,1.0,0.0,0.0
PowerBrand Tarcza pilarska 28,(not set),0.0,0.0,1.0,498.329999
PowerBrand Tarcza tnąca 4,PMax | DiamondTools | Sprzedaż | Polska,0.0,3.0,3.0,6.450005
PowerBrand Tarcza tnąca,(referral),0.0,1.0,0.0,0.0
PowerBrand Tarcza tnąca 2,(organic),0.0,10.0,0.0,0.0
PowerBrand Wussow jednorazowe,(direct),0.0,1.0,1.0,37.640001
PowerBrand Wiertło hssr,(referral),0.0,4.0,0.0,0.0
PowerBrand Wiertło sds 20,PMax | DiamondTools | Sprzedaż | Polska,0.0,1.0,0.0,0.0
PowerBrand Wiertło sds 11,(direct),0.0,1.0,1.0,72.84
PowerBrand Wiertło sds 18,PMax | DiamondTools | Sprzedaż | Polska,0.0,1.0,1.0,176.740001
PowerBrand Wiertło sds 19,PMax | DiamondTools | Sprzedaż | Polska,0.0,1.0,1.0,20.700002
PowerBrand Wiertło sds 4,PMax | DiamondTools | Sprzedaż | Polska,0.0,1.0,1.0,23.790001
PowerBrand Wiertło metalu 11,PowerBrand – ElectroStore – Search Website,0.0,1.0,0.0,0.0
PowerBrand Wiertło metalu 12,(referral),0.0,4.0,0.0,0.0
PowerBrand Wiertło metalu 13,(referral),0.0,2.0,0.0,0.0
PowerBrand Wkrętak izolowany,(referral),0.0,1.0,1.0,21.780001
PowerBrand Zestaw wkrętaków 7,PowerBrand – ElectroStore – Search Website,0.0,1.0,0.0,0.0
PowerBrand Zestaw bitów 11,(direct),0.0,1.0,0.0,0.0
PowerBrand Zestaw bitów 10,(direct),0.0,2.0,0.0,0.0
PowerBrand Zestaw kluczy 5,PowerBrand – ElectroStore – Search Website,0.0,1.0,0.0,0.0
PowerBrand Zestaw wkrętaków 6,(organic),0.0,1.0,0.0,0.0
PowerBrand Zestaw szczypiec,PowerBrand – ElectroStore – Search Website,0.0,1.0,0.0,0.0
PowerBrand Żyłka,(referral),0.0,1.0,1.0,122.999999
